customer_city,payment_value
abadia dos dourados,413.5
abadiania,1025.52
abaete,1792.58
abaetetuba,4672.2699999999995
abaiara,332.15
abaira,203.0
abare,224.73
abatia,220.19
abdon batista,156.7
abelardo luz,797.5799999999999
abrantes,200.35
abre campo,367.29
abreu e lima,2871.92
acaiaca,207.9
acailandia,1233.48
acajutiba,50.95
acarau,1639.94
acari,412.43
acegua,282.39
acopiara,901.67
acreuna,1306.45
acu,553.4499999999999
acucena,54.11
adamantina,6108.5
adhemar de barros,166.29
adolfo,441.59000000000003
adrianopolis,89.17
adustina,102.27
afogados da ingazeira,1596.3899999999999
afonso claudio,1767.92
afranio,448.03999999999996
agisse,56.37
agrestina,2066.34
agrolandia,60.91
agronomica,281.5
agua boa,3358.86
agua branca,661.1
agua clara,259.16999999999996
agua comprida,140.65
agua doce,336.05
agua doce do norte,463.52
agua fria de goias,167.81
agua limpa,416.8
agua nova,77.67
agua preta,147.34
agua santa,227.59
aguai,2370.7999999999997
aguas belas,1041.4
aguas claras,116.96
aguas da prata,1257.57
aguas de lindoia,3758.36
aguas de santa barbara,202.03
aguas de sao pedro,304.03
aguas formosas,1580.57
aguas frias,318.98
aguas lindas de goias,2788.8
aguas mornas,104.52
aguas vermelhas,692.89
agudo,32.1
agudos,1508.95
aguia branca,31.13
aimores,1166.62
aiuaba,147.38
aiuruoca,365.03000000000003
ajapi,121.34
ajuricaba,245.37
alagoa,93.98
alagoa grande,178.52
alagoa nova,164.29
alagoinha,339.52000000000004
alagoinhas,7428.33
alambari,228.94
alcantara,464.86
alcinopolis,952.35
alcobaca,1481.8999999999999
alegre,3265.01
alegrete,5296.24
alegrete do piaui,173.88
alegria,58.28
alem paraiba,3548.32
alexandra,51.31
alexandria,221.92
alexandrita,130.0
alexania,568.25
alfenas,6539.45
alfredo chaves,1052.61
alfredo marcondes,169.23
alfredo vasconcelos,616.74
alfredo wagner,844.67
alhandra,1307.91
alianca,89.93
alianca do tocantins,264.0
almas,113.56
almenara,3212.33
almino afonso,470.01
almirante tamandare,5041.83
almirante tamandare do sul,65.0
alpercata,260.77
alpestre,136.98
alpinopolis,969.45
alta floresta,4133.89
alta floresta d'oeste,805.5
altamira,6399.82
altamira do parana,307.11
altaneira,496.26
alterosa,308.64
altinho,50.94
altinopolis,1506.04
alto alegre,366.40999999999997
alto alegre do iguacu,227.25
alto alegre do maranhao,123.32
alto alegre do pindare,259.56
alto araguaia,1228.13
alto boa vista,581.99
alto caparao,522.0799999999999
alto do rodrigues,3346.7000000000003
alto garcas,340.06
alto horizonte,285.15
alto jequitiba,275.43
alto paraiso,1333.91
alto paraiso de goias,1963.35
alto parana,451.84
alto parnaiba,948.0999999999999
alto piquiri,432.5
alto rio doce,278.55
alto rio novo,327.23
alto santo,801.01
alto sao joao,73.25
alto taquari,821.17
altonia,557.1800000000001
altos,1560.87
aluminio,1500.64
alvarenga,245.10999999999999
alvares florence,227.23
alvares machado,4227.42
alvaro de carvalho,399.0
alvinopolis,1020.96
alvorada,9323.06
alvorada d'oeste,430.1
alvorada do gurgueia,87.85
alvorada do norte,221.72
amambai,890.69
amanari,419.39
amapa do maranhao,50.05
amapora,180.65
amaraji,521.89
amarante,953.8399999999999
amargosa,71.81
amelia rodrigues,430.02000000000004
america dourada,217.92
americana,28142.82
americano do brasil,346.28999999999996
americo brasiliense,2688.89
americo de campos,293.36
ametista do sul,275.51
amontada,81.57
amparo,12606.72
amparo da serra,66.06
ampere,1788.04
anadia,462.59999999999997
anage,97.38
analandia,575.7
ananas,122.76
ananindeua,20777.66
anapolis,20029.82
anastacio,153.35
anaurilandia,86.24
anchieta,2745.38
andarai,109.5
andira,1688.5900000000001
andorinha,797.61
andradas,4595.969999999999
andradina,7089.02
andre da rocha,146.13
andrelandia,169.06
andrequice,215.14
angatuba,983.03
angelica,76.86
angelina,142.05
angelo frechiani,43.6
angical,293.5
angical do piaui,80.92
angicos,101.77
angra dos reis,21421.33
anguera,144.99
angulo,394.06
angustura,166.29
anhandui,83.23
anhembi,120.09
anhumas,72.42
anicuns,809.19
anita garibaldi,385.93
anitapolis,642.38
anta,291.53
anta gorda,655.25
antonina,2285.4
antonina do norte,130.58
antonio cardoso,439.92
antonio carlos,294.15
antonio goncalves,51.69
antonio martins,97.67
antonio pereira,122.32
antonio prado,667.5699999999999
antonio prado de minas,334.21
antunes,135.39
aparecida,4208.91
aparecida d'oeste,31.75
aparecida de goiania,16558.56
aparecida de monte alto,199.26
aparecida de sao manuel,256.78999999999996
aparecida do rio negro,172.58
aparecida do taboado,2768.61
aperibe,1835.91
apiaca,534.4200000000001
apiai,714.94
apiuna,1484.8
apodi,492.07
apora,65.7
apore,197.38
apuarema,204.38
apucarana,8112.8
apuiares,421.56
aquidaba,113.55
aquidauana,154.75
aquiraz,398.85
aracaju,42347.44
aracariguama,751.61
aracati,3413.0
aracatu,95.76
aracatuba,19261.27
arace,491.18
araci,358.24
aracitaba,156.74
aracoiaba,713.15
aracoiaba da serra,1701.76
aracruz,5102.98
aracuai,1588.78
aragarcas,247.6
aragoiania,112.9
araguacu,162.86
araguaia,67.23
araguaina,8946.119999999999
araguana,224.07
araguapaz,160.89
araguari,12048.94
araguatins,859.9000000000001
aramari,222.56
arame,64.14
aramina,111.61
arandu,332.64
arantina,204.41
arapei,353.71
arapiraca,10150.03
arapoema,98.57
araponga,305.13
arapongas,7152.49
arapora,1253.37
arapoti,1280.91
arapua,112.77
araputanga,645.25
araquari,1285.3600000000001
arara,137.14
ararangua,2786.74
araraquara,22649.93
araras,15010.42
arari,828.79
ararica,252.0
araripe,155.0
araripina,1538.05
araruama,18836.77
araruna,714.92
arataca,865.78
aratiba,106.49
aratuba,429.74
araucaria,6255.87
araujos,2711.2200000000003
araxa,15041.85
arceburgo,1160.83
arcos,5989.36
arcoverde,677.4
areado,1360.55
areal,1364.63
arealva,236.92000000000002
areia,233.46
areia branca,312.99
areia branca dos assis,569.43
areial,194.82
areias,568.63
areiopolis,944.24
arembepe,494.05999999999995
arenapolis,396.46000000000004
arenopolis,128.9
aribice,76.15
arinos,959.8199999999999
aripuana,1348.3799999999999
ariquemes,4969.64
ariranha,647.27
armacao dos buzios,5579.36
armazem,289.35
arneiroz,462.53
aroeiras,167.48
arraial d ajuda,90.7
arraial d'ajuda,739.08
arraial do cabo,6329.66
arraias,254.23000000000002
arroio do meio,1608.08
arroio do sal,1442.1999999999998
arroio do tigre,319.0
arroio dos ratos,1226.52
arroio grande,457.84000000000003
arroio trinta,185.84
arrozal,912.81
artur nogueira,6723.88
aruana,180.31
aruja,8699.66
arvoredo,49.4
arvorezinha,328.79
ascurra,414.25
assai,1019.8
assare,118.26
assis,13819.31
assis chateaubriand,1426.3
assuncao,132.69
astolfo dutra,1509.69
astorga,556.28
atalaia,137.65
atalanta,351.0
ataleia,200.69
atibaia,23180.88
atilio vivacqua,107.78
augustinopolis,144.89
augusto correa,440.0
augusto pestana,143.95
aurea,451.5
auriflama,2029.77
aurilandia,176.2
aurora,870.17
aurora do para,115.46
avanhandava,905.33
avare,9713.47
avelar,824.24
avelino lopes,142.72
azurita,220.85000000000002
bacabal,3883.5
bacaxa,72.51
bacuri,444.21000000000004
bady bassitt,615.24
baependi,1587.39
bage,10286.98
baianopolis,493.28
baixa grande,66.24
baixa grande do ribeiro,213.47
baixo guandu,1617.17
balbinos,69.29
baldim,699.0400000000001
balneario arroio do silva,450.66999999999996
balneario barra do sul,482.62
balneario camboriu,18971.079999999998
balneario gaivota,329.12
balneario picarras,1619.82
balneario pinhal,1043.94
balneario rincao,444.3
balsa nova,33.97
balsamo,1383.48
balsas,6607.73
bambui,2558.68
banabuiu,139.61
bananal,702.49
bananeiras,544.74
bandeira,419.21000000000004
bandeira do sul,466.28999999999996
bandeirantes,2113.63
bandeirantes d'oeste,65.09
bandeirantes do tocantins,432.20000000000005
banzae,127.42
barao,57.53
barao ataliba nogueira,1351.51
barao de cocais,2452.94
barao de cotegipe,154.71
barao de juparana,46.72
barao do triunfo,99.14
barauna,288.37
barbacena,14209.71
barbalha,1515.4099999999999
barbosa ferraz,562.5699999999999
barcarena,1323.67
bariri,3075.2200000000003
barra,194.84
barra bonita,4440.92
barra da estiva,1072.68
barra de guabiraba,565.8
barra de santa rosa,291.5
barra de santo antonio,629.12
barra de sao francisco,797.29
barra de sao joao,2835.38
barra de sao miguel,226.64
barra do bugres,943.6500000000001
barra do choca,877.49
barra do corda,1354.34
barra do garcas,4924.29
barra do jacare,71.43
barra do mendes,383.28
barra do pirai,6015.99
barra do ribeiro,742.89
barra do rio azul,148.71
barra do tarrachil,359.94
barra do turvo,380.5
barra dos coqueiros,629.46
barra longa,1341.55
barra mansa,21511.37
barra velha,2014.4099999999999
barracao,166.71
barras,291.68
barreira,142.01
barreiras,12694.48
barreirinhas,490.73
barreiros,1514.0900000000001
barretos,10351.45
barrinha,3321.15
barro,769.02
barro alto,255.51
barro preto,146.58
barrocas,118.26
barrolandia,124.53999999999999
barros cassal,800.36
barroso,1575.52
barueri,57077.11
bastos,1673.94
bataguassu,732.9200000000001
bataipora,180.1
batalha,308.09999999999997
batatais,6130.55
bataypora,292.02
baturite,551.09
bauru,44292.81
bayeux,1139.41
bebedouro,6141.75
beberibe,1823.9099999999999
bela cruz,1024.47
bela vista,522.88
bela vista de goias,753.35
bela vista de minas,134.51
bela vista do maranhao,83.15
bela vista do paraiso,658.49
belem,93830.03
belem do sao francisco,771.02
belford roxo,14628.03
belmonte,262.55
belo campo,257.64
belo horizonte,406050.87
belo jardim,2013.1499999999999
belo oriente,833.02
belo vale,374.48
bemposta,48.11
benedito leite,134.12
benedito novo,1093.77
benevides,343.03000000000003
bento de abreu,371.48
bento goncalves,8146.78
bequimao,386.15
berilo,78.22
berizal,221.98
bernardino de campos,328.87
bertioga,10451.08
bertolinia,483.87
bertopolis,82.12
betim,32101.51
bezerros,1651.23
bias fortes,108.47999999999999
bicas,868.55
biguacu,3738.89
bilac,817.86
birigui,16626.83
biritiba-mirim,1579.77
biritinga,147.57
bituruna,598.23
blumenau,28625.75
boa esperanca,4789.2300000000005
boa esperanca do iguacu,51.0
boa esperanca do sul,1012.62
boa ventura,31.69
boa viagem,546.76
boa vista,8867.83
boa vista da aparecida,264.63
boa vista das missoes,367.56
boa vista do burica,252.09
boa vista do cadeado,464.98
boa vista do gurupi,154.75
boa vista do sul,46.22
boca da mata,298.03
bocaina,1719.24
bocaiuva,1943.2199999999998
bocaiuva do sul,72.7
bodo,84.57
bodoco,269.03000000000003
bodoquena,495.53
bofete,758.67
boituva,7974.5
bom conselho,1848.32
bom despacho,5554.6
bom jardim,2862.49
bom jardim de goias,25.1
bom jardim de minas,1068.38
bom jesus,3082.27
bom jesus da lapa,3153.69
bom jesus da penha,120.84
bom jesus da serra,322.28999999999996
bom jesus das selvas,301.41999999999996
bom jesus do amparo,218.54
bom jesus do araguaia,1247.29
bom jesus do galho,4923.81
bom jesus do itabapoana,4011.27
bom jesus do norte,781.8499999999999
bom jesus do querendo,188.55
bom jesus do sul,245.1
bom jesus do tocantins,506.46000000000004
bom jesus dos perdoes,1930.03
bom principio,1140.75
bom repouso,487.95
bom retiro,88.37
bom retiro do sul,1484.21
bom sucesso,1102.48
bombinhas,2305.3
bonfim,480.24
bonfim paulista,2850.17
bonfinopolis,512.6
bonfinopolis de minas,1433.75
boninal,909.8
bonito,3342.66
bonito de minas,115.44
bonito de santa fe,162.85
boqueirao do leao,300.14
boquira,95.67
bora,139.71
boraceia,39.96
borborema,936.8
borda da mata,1062.25
borrazopolis,312.23
bossoroca,213.34
botelho,265.04
botelhos,1456.47
botucatu,18965.12
botupora,346.51
botuvera,215.17000000000002
braco do norte,3423.42
braco do rio,138.93
braganca,1437.27
braganca paulista,22683.22
bras pires,108.02
brasil novo,396.1
brasilandia,75.07
brasilandia de minas,98.49
brasileia,139.53
brasilia,345221.87
brasilia de minas,922.92
brasopolis,115.9
brauna,482.35
braunas,105.28
brazabrantes,82.7
brazopolis,1015.5
brejetuba,144.54
brejo,138.24
brejo bonito,153.9
brejo da madre de deus,512.73
brejo do cruz,1217.78
brejo dos santos,125.94
brejo grande,268.84
brejo santo,1949.35
brejoes,143.34
brejolandia,34.78
breu branco,575.7
breves,710.19
britania,105.37
brodowski,1123.4
brotas,1269.88
brotas de macaubas,185.62
brumadinho,2795.25
brumado,3330.52
brusque,9731.210000000001
bueno brandao,238.32999999999998
buenopolis,1464.22
buenos aires,311.83
buerarema,1116.81
bugre,209.3
buique,253.09
buri,1103.3899999999999
buritama,1234.42
buriti,229.9
buriti alegre,48.22
buriti do tocantins,86.79
buriti dos lopes,356.82
buriticupu,837.4
buritirama,286.11
buritis,2381.0299999999997
buritizal,102.88
buritizeiro,2911.2300000000005
butia,1312.6100000000001
caarapo,1447.93
cabaceiras do paraguacu,48.69
cabeceira grande,348.75
cabeceiras,33.13
cabedelo,1329.5
cabixi,234.5
cabo de santo agostinho,3618.25
cabo frio,18857.72
cabo verde,519.17
cabralia paulista,263.31
cabreuva,834.12
cabrobo,1146.91
cacador,5469.62
cacapava,11473.43
cacapava do sul,1044.83
cacaulandia,108.73
cacequi,342.23
caceres,5668.5599999999995
cachoeira,573.71
cachoeira alta,605.48
cachoeira da prata,214.43
cachoeira de minas,557.9100000000001
cachoeira de pajeu,504.03
cachoeira do brumado,211.17
cachoeira do campo,909.84
cachoeira do sul,5281.79
cachoeira dourada,327.69
cachoeira paulista,3768.01
cachoeiras de macacu,2304.32
cachoeirinha,10975.34
cachoeiro de itapemirim,19175.45
cacoal,2414.8
caconde,1829.57
cacu,1163.53
cacule,615.05
caem,80.02
caetanopolis,805.62
caete,3144.06
caetes,166.04
caetite,2300.45
cafeara,309.82
cafelandia,2757.71
caiana,285.61
caiaponia,428.96999999999997
caibate,340.24
caibi,180.41
caicara do norte,1157.41
caico,3215.31
caieiras,14186.28
cairu,78.64
caiua,170.99
cajamar,11413.59
cajapio,149.16
cajari,316.3
cajati,2100.69
cajazeiras,2410.67
cajobi,1162.8899999999999
cajueiro,138.15
cajuri,71.53
cajuru,793.9
calcado,223.54
caldas,621.9399999999999
caldas brandao,192.32
caldas do jorro,394.52
caldas novas,6204.57
caldeirao grande,268.87
caldeirao grande do piaui,180.76
california,133.95
california da barra,1014.5
calmon,67.5
camacan,1269.4
camacari,8722.58
camacho,80.9
camamu,1782.6000000000001
camanducaia,2381.76
camapua,734.34
camaqua,1998.21
camaragibe,3455.4900000000002
cambara,1022.62
cambara do sul,400.64
cambe,4559.06
cambiasca,38.09
cambira,519.35
camboriu,3711.42
cambuci,2279.92
cambui,3660.81
cambuquira,444.24
cameta,521.8499999999999
camocim,2078.27
camocim de sao felix,420.26
campanario,313.28999999999996
campanha,786.26
campestre,384.32
campestre da serra,1390.06
campestre do maranhao,340.95000000000005
campina da lagoa,593.8199999999999
campina das missoes,211.0
campina do monte alegre,291.99
campina grande,22657.35
campina grande do sul,1276.75
campina verde,868.85
campinacu,195.91
campinapolis,387.09000000000003
campinas,209028.97
campinas do sul,1531.2400000000002
campinorte,1400.61
campo alegre,1228.35
campo alegre de goias,240.27
campo alegre de lourdes,124.89
campo alegre de minas,137.93
campo alegre do fidalgo,263.94
campo azul,96.22
campo belo,2218.31
campo bom,5137.09
campo do brito,114.89
campo do meio,309.08000000000004
campo do tenente,71.04
campo ere,706.07
campo florido,92.02
campo formoso,4054.34
campo grande,64793.66
campo grande do piaui,190.88
campo largo,4665.79
campo limpo paulista,5581.77
campo magro,64.76
campo maior,1329.7
campo mourao,8579.69
campo novo,593.01
campo novo do parecis,5838.68
campo verde,1029.69
campos altos,498.61
campos belos,927.53
campos borges,877.04
campos de julio,1110.35
campos do jordao,3913.12
campos dos goytacazes,37761.24
campos gerais,571.17
campos novos,2438.37
campos sales,1853.78
campos verdes,413.04
camutanga,385.34000000000003
canaa,69.54
canaa dos carajas,1991.36
cananeia,838.89
canapi,377.32
canapolis,635.12
canarana,1486.9
canavieiras,1017.29
candeal,176.65
candeias,2402.21
candeias do jamari,338.74
candelaria,673.1
candido de abreu,439.91999999999996
candido godoi,1005.84
candido mendes,316.58
candido mota,1824.1
candido rodrigues,134.3
candido sales,472.52000000000004
candiota,899.5999999999999
candoi,79.5
canela,2798.2599999999998
canelinha,1012.72
cangucu,1545.69
canhotinho,430.49
caninde,707.39
caninde de sao francisco,359.83
canitar,317.91999999999996
canoas,31602.36
canoinhas,5291.02
cansancao,998.37
cantagalo,2758.09
cantanhede,735.85
canto do buriti,674.83
canudos,232.89
capanema,1504.71
capao bonito,3622.16
capao da canoa,5634.34
capao da porteira,215.13
capao do cipo,400.98
capao do leao,1254.66
caparao,64.42
capela,889.17
capela de santana,417.53000000000003
capela do alto,1004.25
capela do alto alegre,56.78
capela nova,121.27
capelinha,2968.12
capetinga,239.37
capim branco,187.17000000000002
capim grosso,660.78
capinopolis,1277.95
capinzal,1469.23
capinzal do norte,460.6
capistrano,72.16
capitao,146.5
capitao andrade,199.0
capitao eneas,98.84
capitao leonidas marques,512.09
capitao poco,540.89
capitolio,590.12
capivari,5252.8099999999995
capivari de baixo,1028.73
capivari do sul,197.95
capoeiras,190.53
caputira,590.6600000000001
caracol,111.1
caraguatatuba,13412.43
carai,626.69
caraiba,487.15
caraibas,249.8
carajas,646.56
carambei,456.25
carandai,1386.44
carangola,4843.37
carapebus,786.52
carapicuiba,36704.65
caratinga,11211.449999999999
caraubas,1246.76
caravelas,466.78
carazinho,2466.74
carbonita,841.12
cardoso,1095.32
cardoso moreira,616.88
careacu,169.58999999999997
cariacica,19353.08
caridade,99.9
carinhanha,451.5
carire,236.28
cariri do tocantins,354.26
caririacu,519.14
carius,618.69
carlinda,245.67000000000002
carlopolis,901.18
carlos barbosa,3015.42
carlos chagas,157.37
carmesia,280.63
carmo,1742.8600000000001
carmo da cachoeira,370.64
carmo da mata,578.61
carmo de minas,699.53
carmo do cajuru,1932.42
carmo do paranaiba,4652.95
carmo do rio claro,1969.5300000000002
carmo do rio verde,206.32
carmolandia,167.45
carmopolis,163.45
carmopolis de minas,1756.72
carnaiba do sertao,99.1
carnauba dos dantas,168.45
carnaubais,429.65000000000003
carnaubal,265.88
carneirinho,345.03
carolina,500.69
carpina,2600.23
carrancas,180.62
caruaru,12282.07
carutapera,251.23000000000002
carvalhopolis,308.84000000000003
casa branca,1500.45
casa nova,1269.54
casca,1628.94
cascalho rico,85.92
cascavel,28403.13
caseiros,152.66
casimiro de abreu,3963.31
cassia,364.40999999999997
cassia dos coqueiros,90.17
cassilandia,1677.59
castanhal,4500.22
castanheira,189.39
castanheiras,80.8
castelandia,688.41
castelo,1990.94
castelo do piaui,577.67
castilho,3043.6
castro,4347.650000000001
castro alves,101.76
cataguases,5139.96
catalao,6317.65
catanduva,10922.029999999999
catanduvas,834.99
catarina,295.28999999999996
catas altas,1160.35
catende,1941.6799999999998
catigua,788.52
catole do rocha,4066.6900000000005
catu,1763.24
catu de abrantes,1295.8600000000001
catuipe,655.72
caturama,40.79
caucaia,7092.72
cavalcante,228.07
caxambu,2161.84
caxambu do sul,34.6
caxias,2604.15
caxias do sul,41558.68
caxingo,53.84
ceara-mirim,351.02
cedral,1956.8700000000001
cedro,356.11
cedro de sao joao,2235.98
cedro do abaete,58.09
ceilandia,68.84
celina,208.23
celso ramos,1440.96
centenario,162.47
centenario do sul,465.35
central,142.89
central de santa helena,158.76
centralina,45.09
centro novo do maranhao,352.80999999999995
cerejeiras,161.23
ceres,2116.38
cerqueira cesar,4059.12
cerquilho,3726.88
cerrito,77.57
cerro azul,250.18
cerro grande,68.02
cerro grande do sul,222.36
cerro largo,907.81
cerro negro,153.32
cesario lange,2209.06
ceu azul,525.29
cezarina,31.72
cha de alegria,108.95
cha grande,186.49
chacara,226.28
chale,156.22
chapada,1545.3300000000002
chapada do norte,411.87
chapada dos guimaraes,854.78
chapada gaucha,528.01
chapadao do ceu,1343.25
chapadao do lageado,321.9
chapadao do sul,1913.4099999999999
chapadinha,287.06
chapeco,17500.06
charqueada,1290.88
charqueadas,2125.02
charrua,141.63
chaval,179.45
chavantes,1154.1399999999999
chaveslandia,277.51
chiapetta,148.15
chopinzinho,211.14
chorozinho,398.42
chorrocho,73.18
chui,908.1600000000001
cianorte,5691.55
cicero dantas,4097.2
cidade gaucha,950.1
cidade ocidental,876.57
cidelandia,528.8
cidreira,769.02
cipo,230.12
cipo-guacu,78.71
ciriaco,252.74
claraval,197.04
claro dos pocoes,123.68
claudia,418.37
claudio,3403.8
clementina,472.98
clevelandia,218.19
coaraci,1468.12
coari,1259.04
cocais,281.3
cocal,1151.9099999999999
cocal do sul,2182.24
cocalinho,576.56
cocalzinho de goias,203.08
cocos,73.27
codo,2943.12
coelho neto,418.6
coimbra,55.01
coite do noia,111.01
colatina,8456.83
colider,2943.95
colina,762.25
colinas,1311.49
colinas do tocantins,643.0799999999999
colmeia,180.69
colniza,875.49
colombia,457.24
colombo,9014.88
colonia castrolanda,1041.7
colonia jordaozinho,1071.03
colonia leopoldina,531.85
colonia vitoria,409.72999999999996
colorado,1405.6499999999999
colorado do oeste,334.64
coluna,344.56
combinado,54.63
comendador levy gasparian,746.5600000000001
comercinho,144.65
comodoro,2504.2799999999997
conceicao,175.24
conceicao da aparecida,1063.6499999999999
conceicao da barra,398.59
conceicao da feira,802.95
conceicao da ibitipoca,55.09
conceicao das alagoas,1641.3999999999999
conceicao das pedras,412.05
conceicao de macabu,1970.24
conceicao do almeida,120.14
conceicao do araguaia,1494.6
conceicao do caninde,181.81
conceicao do castelo,658.0
conceicao do coite,1307.04
conceicao do formoso,215.24
conceicao do jacuipe,247.07999999999998
conceicao do mato dentro,1606.34
conceicao do para,749.5500000000001
conceicao do rio verde,970.15
conceicao do tocantins,433.96999999999997
conceicao dos ouros,714.92
conchal,2464.88
conchas,1229.22
concordia,6730.96
concordia do para,1120.8999999999999
condado,1071.11
conde,881.52
condeuba,73.83
condor,301.47
confins,444.25
confresa,1371.62
congonhal,568.19
congonhas,3618.83
congonhinhas,338.86
conquista,602.4200000000001
conquista d'oeste,154.04
conrado,126.12
conselheiro lafaiete,10690.31
conselheiro mairinck,81.55
conselheiro pena,2393.18
conservatoria,997.19
constantina,348.77
contagem,57284.7
contenda,104.61
coqueiro baixo,121.76
coqueiros do sul,49.06
coracao de jesus,173.38
coracao de maria,306.06
corbelia,785.22
cordeiro,3098.4300000000003
cordeiropolis,1597.09
cordeiros,363.64
coreau,54.81
coremas,367.59
corguinho,262.66999999999996
coribe,816.78
corinto,1545.6299999999999
cornelio procopio,2705.58
coroaci,374.99
coroados,239.34
coroata,1328.47
coromandel,2956.71
coronel domingos soares,106.87
coronel fabriciano,4914.66
coronel freitas,98.65
coronel joao pessoa,124.33
coronel joao sa,689.71
coronel macedo,118.25
coronel martins,152.14
coronel murta,255.84
coronel pacheco,99.9
coronel sapucaia,106.23
coronel vivida,1058.59
corrego danta,57.62
corrego do ouro,45.01
corrego fundo,144.65
correia pinto,1680.18
corrente,1831.15
correntes,221.59
correntina,188.11
cortes,305.32000000000005
corumba,5627.08
corumba de goias,163.28
corumbaiba,256.47
corumbatai,74.13
corumbatai do sul,45.78
corupa,568.4300000000001
coruripe,1359.09
cosmopolis,7645.27
cosmorama,1091.55
costa marques,1658.28
costa rica,1273.9
cotegipe,103.15
cotia,33316.26
cotipora,127.53
cotriguacu,220.48000000000002
couto de magalhaes,242.63
coxilha,191.5
coxim,1854.6200000000001
crateus,2779.4
crato,3847.13
cravinhos,2838.32
cravolandia,187.83
criciuma,16054.82
crisolita,134.24
crisopolis,242.61
crissiumal,1671.3000000000002
cristais,249.61
cristais paulista,600.64
cristal,631.04
cristalandia,1067.93
cristalia,517.31
cristalina,2275.49
cristiano otoni,279.38
cristina,1168.74
cristinapolis,145.37
cristopolis,113.94999999999999
crixas,1129.44
croata,87.8
crominia,61.0
crucilandia,30.47
cruz,1772.56
cruz alta,3471.23
cruz das almas,2486.5699999999997
cruz machado,523.23
cruzalia,348.25
cruzeiro,7458.7699999999995
cruzeiro da fortaleza,144.29999999999998
cruzeiro do iguacu,148.15
cruzeiro do oeste,982.5
cruzeiro do sul,3510.34
cruzilia,447.26
cubatao,8171.42
cubati,187.59
cuiaba,45870.56
cuite,796.51
cuite velho,35.09
cujubim,132.94
cumari,229.51
cumaru,399.98
cunha,3118.0
cunha pora,820.95
cupira,65.53
curaca,542.24
curitiba,238582.26
curitibanos,3469.8
curiuva,364.52
currais novos,1720.3400000000001
curral de cima,199.0
curralinho,355.29
curuca,604.4499999999999
cururupu,754.67
curvelandia,243.78
curvelo,6406.88
custodia,752.1700000000001
damianopolis,63.84
dario meira,225.26
datas,920.94
david canabarro,222.77
delfim moreira,39.37
delfinopolis,318.02
delmiro gouveia,1353.71
demerval lobao,40.38
denise,566.63
deodapolis,111.21000000000001
deputado irapuan pinheiro,239.0
descalvado,1439.57
descoberto,264.02000000000004
desembargador otoni,196.02
desterro,639.98
desterro de entre rios,58.28
desterro do melo,35.86
dezesseis de novembro,102.75
diadema,33305.0
diamante d'oeste,307.69
diamante do norte,515.27
diamantina,2907.93
diamantino,527.42
dianopolis,1165.41
dias d avila,61.79
dias d'avila,3044.98
diogo de vasconcelos,244.70999999999998
dionisio,154.42000000000002
dionisio cerqueira,500.53999999999996
diorama,266.92
divinesia,333.51
divino,1466.16
divino das laranjeiras,51.1
divino de sao lourenco,149.16
divinolandia,1482.9
divinolandia de minas,312.82
divinopolis,38392.73
divinopolis de goias,94.3
divinopolis do tocantins,139.27
divisa alegre,232.35000000000002
divisa nova,788.71
dobrada,508.9
doce grande,67.72
dois corregos,1402.59
dois irmaos,3847.42
dois irmaos do buriti,890.1500000000001
dois riachos,152.25
dois vizinhos,2881.38
dom aquino,520.36
dom basilio,172.70999999999998
dom cavati,93.08
dom eliseu,515.08
dom feliciano,635.95
dom joaquim,163.38
dom macedo costa,82.83
dom pedrito,1708.0900000000001
dom pedro,438.68
dom silverio,484.12
dom vicoso,313.8
domiciano ribeiro,149.38
domingos martins,1353.6299999999999
dona emma,47.81
dona euzebia,354.94000000000005
dona francisca,340.15
dores de campos,1464.19
dores do indaia,928.86
dores do rio preto,526.33
dormentes,1067.73
douradina,118.65
dourado,1316.93
dourados,10531.87
doutor camargo,230.63
doutor ulysses,158.61
doverlandia,311.87
dracena,5186.38
duartina,1453.3
duas barras,36.95
duere,158.77
dumont,336.91999999999996
duque de caxias,38406.23
durande,146.19
echapora,847.25
ecoporanga,1145.83
edeia,560.9100000000001
eldorado,666.35
eldorado do sul,2127.04
elias fausto,481.48
eliseu martins,403.06
elisiario,64.1
elisio medrado,118.75
eloi mendes,2077.95
embauba,414.81
embu,1719.66
embu das artes,22400.920000000002
embu-guacu,7062.82
emilianopolis,198.49
encantado,3196.4500000000003
encruzilhada do sul,1142.59
eneas marques,237.14999999999998
engenheiro balduino,205.54
engenheiro coelho,1186.47
engenheiro navarro,2106.55
engenheiro passos,291.24
engenheiro paulo de frontin,590.89
entre folhas,106.07
entre rios,1241.52
entre rios de minas,1709.62
entre rios do oeste,148.57999999999998
entre-ijuis,585.04
epitaciolandia,139.52
erebango,139.42
erechim,7689.06
erere,226.23
erico cardoso,24.88
erval grande,432.74
ervalia,1230.45
escada,3556.7
esmeralda,160.76
esmeraldas,2043.24
espera feliz,3751.42
esperanca,2108.09
esperantina,692.04
esperantinopolis,771.4100000000001
espigao,100.52
espigao alto do iguacu,209.32
espigao do oeste,951.17
espinosa,2947.44
espirito santo do pinhal,2464.2799999999997
espirito santo do turvo,268.84000000000003
esplanada,1808.34
espumoso,1480.46
estacao,815.22
estancia,3157.9500000000003
estancia velha,3563.85
esteio,6986.450000000001
estevao de araujo,32.43
estiva,29.13
estiva gerbi,1090.98
estreito,427.65000000000003
estrela,2460.42
estrela d oeste,156.33
estrela d'oeste,257.45
estrela do indaia,147.5
estrela do norte,210.76999999999998
estrela do sul,105.28
estrela velha,30.0
euclides da cunha,625.62
euclides da cunha paulista,186.39
eugenio de castro,111.76
eugenopolis,1071.39
eunapolis,7715.63
eusebio,2707.57
ewbank da camara,98.16
extrema,6195.3099999999995
extremoz,160.14
fagundes,220.74
farol,152.72
farroupilha,3757.49
fartura,2106.41
fatima,617.92
fatima do sul,1536.86
faxinal,995.73
faxinal dos guedes,1948.77
faxinalzinho,35.95
fazenda nova,407.77
fazenda rio grande,5204.96
fazenda vilanova,192.21
feira de santana,31427.0
feira nova,649.77
felicio dos santos,191.58
felipe guerra,157.65
felisburgo,123.47
felixlandia,90.28
feliz,2947.85
feliz deserto,423.75
feliz natal,279.38
fenix,67.92
fernando prestes,696.5799999999999
fernandopolis,8366.45
fernao,40.85
ferraz de vasconcelos,17385.65
ferreiros,133.94
ferros,147.36
fervedouro,1128.6100000000001
figueira,1012.87
figueiropolis d'oeste,114.42
filadelfia,99.16
firminopolis,832.5
flor da serra do sul,232.06
flora rica,237.26
florai,422.95
florania,60.34
floreal,225.0
flores,467.40999999999997
flores da cunha,1732.57
flores de goias,43.22
floresta,1538.78
floresta do araguaia,186.79
florestal,382.47
florestopolis,575.77
floriano,3145.51
florianopolis,98018.9
florida,86.15
florida paulista,416.53
florinia,57.61
fonseca,107.53
fontoura xavier,214.16
formiga,5033.34
formigueiro,311.27
formosa,6124.12
formosa da serra negra,155.5
formosa do oeste,86.15
formosa do rio preto,1628.16
formoso,929.03
formoso do araguaia,354.12
forquilha,477.45
forquilhinha,1468.18
fortaleza,112951.56
fortaleza dos valos,119.95
fortim,205.53
fortuna,661.92
foz do iguacu,13806.35
foz do jordao,64.1
fragosos,115.9
fraiburgo,2338.54
franca,25275.25
francisco badaro,435.81
francisco beltrao,8378.13
francisco dantas,224.78
francisco dumont,141.87
francisco morato,9688.8
francisco sa,599.75
francisco santos,41.7
franco da rocha,11830.23
frecheirinha,213.71
frederico westphalen,1319.89
frei gaspar,89.19
frei inocencio,733.89
frei lagonegro,260.34
frei martinho,393.21000000000004
frei rogerio,121.09
fronteira,1079.53
fronteiras,1408.8400000000001
fruta de leite,212.16
frutal,3923.15
frutuoso gomes,115.87
fundao,437.33
gabriel monteiro,48.72
galia,217.64
galinhos,275.48
galvao,78.02
gameleira,1827.12
gameleiras,529.94
gandu,507.45
garanhuns,5225.65
garca,3468.6800000000003
garibaldi,1216.25
garopaba,3288.64
garrafao do norte,762.0
garruchos,79.04
garuva,1647.66
gaspar,11602.95
gastao vidigal,283.72
gaucha do norte,214.94
gaurama,356.61
gaviao peixoto,142.04000000000002
general camara,106.87
general carneiro,498.52
general maynard,217.85
general salgado,587.28
gentio do ouro,121.1
getulina,131.01999999999998
getulio vargas,919.9399999999999
gilbues,356.51
girau do ponciano,74.05
girua,1560.97
glaura,89.36
glicerio,847.1300000000001
gloria de dourados,76.0
gloria do goita,587.92
glorinha,283.3
godoy moreira,1101.83
goiabeira,302.27
goiana,991.21
goianapolis,1224.04
goiandira,113.13
goianesia,2516.58
goianesia do para,964.71
goiania,113351.2
goianinha,454.71000000000004
goianira,1057.77
goianorte,229.5
goias,1236.73
goiatuba,2648.12
goioere,2191.01
goitacazes,1388.24
goncalves,405.07
goncalves dias,99.25
gongogi,52.13
gouveia,1167.23
governador celso ramos,463.36
governador dix-sept rosado,194.82
governador eugenio barros,417.45
governador lindenberg,136.28
governador mangabeira,116.26
governador portela,430.01
governador valadares,21475.72
graccho cardoso,723.72
grajau,965.51
gramado,3750.71
gramado dos loureiros,237.54
gramado xavier,68.97
grandes rios,157.75
granja,700.3
grao mogol,999.3
grao para,269.92999999999995
gravata,2243.96
gravatai,21131.64
gravatal,1418.28
groairas,178.5
grupiara,148.94
guabiju,51.83
guabiruba,786.81
guacui,4311.75
guadalupe,1502.76
guaiba,6139.13
guaicara,917.5600000000001
guaira,5402.83
guairaca,100.44
guaiuba,762.05
guajara-mirim,202.85
guamare,242.64
guamiranga,284.89
guanambi,5367.47
guanhaes,2313.75
guape,210.48
guapiacu,995.55
guapiara,251.95
guapimirim,3446.99
guapirama,107.78
guapo,868.7
guapore,3987.06
guara,1195.03
guarabira,1642.8600000000001
guaracai,767.11
guaraci,1213.53
guaraciaba,320.31
guaraciaba do norte,738.1500000000001
guarai,1459.37
guaramirim,1736.26
guaranesia,972.8299999999999
guarani,2634.31
guarani das missoes,102.94
guaraniacu,463.62
guaranta,715.01
guaranta do norte,509.28999999999996
guarapari,11951.82
guarapua,75.17
guarapuava,9900.21
guaraquecaba,63.37
guarara,546.5699999999999
guararapes,1566.9
guararema,1370.41
guaratinga,76.57
guaratingueta,16593.2
guaratuba,2017.31
guarda-mor,123.10999999999999
guarei,1187.44
guariba,1810.72
guariroba,320.56
guaruja,32647.07
guaruja do sul,395.63
guarulhos,157629.92
guassusse,169.92
guatapara,87.97
guaxupe,6967.0
guia lopes da laguna,48.22
guidoval,400.11
guimaraes,252.11
guimarania,609.33
guinda,47.11
guiricema,161.56
gurupi,6192.18
guzolandia,143.31
heliopolis,169.28
herculandia,220.64
herval,192.56
herval d'oeste,1386.93
herveiras,125.52
hidreletrica tucurui,721.48
hidrolandia,1326.25
hidrolina,218.96
holambra,3102.05
holambra ii,1012.82
horizonte,639.41
horizontina,735.5500000000001
hortolandia,18413.0
hulha negra,372.06
humaita,458.4
humberto de campos,81.57
humildes,360.81
iacanga,427.95
iaciara,787.1200000000001
iacri,81.62
iacu,499.84999999999997
iapu,497.92999999999995
iaras,93.57
iati,807.24
ibaiti,1264.1399999999999
ibarama,167.92
ibate,1767.29
ibateguara,152.86
ibatiba,1724.6
ibema,173.89
ibertioga,181.21
ibia,1736.17
ibiaca,320.87
ibiai,689.95
ibiajara,65.8
ibiam,460.34
ibiapina,289.34000000000003
ibiara,321.98
ibiassuce,218.42
ibicarai,559.6
ibicare,262.09000000000003
ibicoara,359.84
ibicuitinga,54.62
ibimirim,372.03
ibipeba,86.39
ibipitanga,396.71999999999997
ibipora,1590.83
ibira,830.15
ibiracatu,148.15
ibiraci,443.48
ibiracu,57.5
ibiraiaras,267.71
ibiraja,330.14
ibirama,1429.2
ibirapua,141.42
ibirarema,498.19
ibirataia,91.72
ibirite,8317.09
ibiruba,3695.73
ibitiara,157.28
ibitinga,3368.45
ibitioca,244.91
ibitira,421.03
ibitita,1534.58
ibitiuva,27.69
ibiuna,4009.93
ibotirama,3233.2
icapui,638.4
icara,2850.9
icarai de minas,313.03
icaraima,43.95
icatu,892.9
icem,1043.6399999999999
ichu,197.92
ico,2355.35
iconha,390.13
ielmo marinho,240.32
iepe,368.51
igaci,395.0
igapora,56.78
igaracu do tiete,157.66
igarapava,897.02
igarape,2016.35
igarape-acu,94.76
igarape-miri,65.03
igarassu,2264.63
igarata,843.87
igaratinga,336.38
igrapiuna,52.05
igreja nova,315.90999999999997
igrejinha,1581.64
iguaba grande,2829.65
iguai,587.1400000000001
iguape,1615.2
iguaracu,659.2
iguatama,360.4
iguatu,4355.54
ijui,6870.15
ilha comprida,254.85000000000002
ilha de itamaraca,632.1500000000001
ilha dos valadares,93.59
ilha grande,174.68
ilha solteira,2694.73
ilhabela,3989.88
ilheus,10500.1
ilhota,877.22
ilicinea,105.28
ilopolis,231.57999999999998
imaculada,471.90999999999997
imbau,154.87
imbe,3105.67
imbe de minas,245.81
imbituba,3593.92
imbituva,913.66
imbuia,1759.81
imigrante,357.35
imperatriz,9144.78
inacio martins,331.28000000000003
inaciolandia,952.92
inaja,522.63
inconfidentes,208.97
indaial,4052.06
indaiatuba,41119.46
independencia,136.05
indiana,389.33
indianopolis,376.86
indiapora,404.14
indiara,449.47
indiaroba,68.8
inga,169.99
ingai,109.38
inhambupe,1346.98
inhapi,1075.1
inhapim,565.35
inhauma,161.21
inhuma,112.35
inhumas,2733.51
inimutaba,376.39
inocencia,54.82
inubia paulista,344.7
iomere,63.79
ipaba,1585.26
ipameri,2399.96
ipanema,3916.27
ipaporanga,453.81
ipatinga,25958.56
ipaumirim,307.11
ipaussu,1409.26
ipe,229.22000000000003
ipecaeta,40.19
ipero,3079.8
ipiabas,663.14
ipiacu,534.09
ipiau,883.79
ipigua,287.65999999999997
ipira,3618.72
ipiranga,256.83
ipiranga de goias,139.98
ipiranga do norte,114.83
ipiranga do sul,133.25
ipixuna do para,242.99
ipojuca,1825.56
ipora,2616.8
ipora do oeste,615.23
ipu,545.2
ipua,2096.16
ipubi,525.79
ipueira,228.57
ipueiras,1805.78
ipuiuna,188.34
ipumirim,377.52
ipupiara,525.85
iracema,308.77
iracemapolis,1532.5
irai,598.26
irai de minas,536.9399999999999
iramaia,199.37
irani,372.32
irape,429.29999999999995
irapua,268.14
irapuru,985.29
iraquara,510.63
irara,222.82
irati,2994.16
iraucuba,244.13
irece,2660.91
iretama,139.59
irineopolis,279.87
irupi,287.63
isaias coelho,209.46
ita,368.03
itaara,73.15
itabaiana,3840.41
itabaianinha,289.33
itabatan,196.39999999999998
itabela,529.97
itabera,1522.98
itaberaba,1169.15
itaberai,1151.08
itabi,141.03
itabira,12126.89
itabirinha,157.41
itabirito,5798.05
itaborai,7783.17
itabuna,9474.99
itacarambi,399.58000000000004
itacare,970.2
itacoatiara,92.98
itagi,164.64
itagiba,144.86
itagimirim,193.06
itaguacu,2087.09
itaguacu da bahia,267.89
itaguai,7202.32
itaguaje,168.96
itaguara,76.47
itaguari,913.7
itaguaru,117.66
itai,1972.6599999999999
itaicaba,70.03
itaiopolis,1555.42
itaipava,520.02
itaipulandia,294.6
itaitinga,638.5500000000001
itaituba,392.63
itaja,1001.9
itajai,21465.52
itajobi,1915.73
itaju,1008.37
itaju do colonia,56.69
itajuba,15992.36
itajuipe,852.2800000000001
italva,1480.61
itamaraju,1681.2
itamarandiba,2036.2700000000002
itamari,324.99
itambacuri,727.89
itambaraca,326.27
itambe,1108.34
itamira,100.2
itamogi,269.03
itamonte,1105.06
itanhaem,11370.65
itanhandu,2113.88
itanhanga,88.05
itanhem,278.66
itanhomi,375.53000000000003
itaobim,1026.56
itaoca,575.21
itaocara,2042.5
itapaci,302.13
itapage,236.13
itapagipe,341.5
itapaje,3425.08
itaparica,188.36
itape,258.56
itapecerica,1603.68
itapecerica da serra,9846.11
itapecuru mirim,702.95
itapejara d'oeste,1255.92
itapema,7233.42
itapemirim,459.34
itaperucu,707.2
itaperuna,6658.0199999999995
itapetim,371.99
itapetinga,3169.5
itapetininga,14048.46
itapeva,7686.31
itapevi,21190.41
itapicuru,181.54
itapipoca,1482.91
itapira,7984.62
itapiranga,2921.8900000000003
itapirapua,495.34000000000003
itapirapua paulista,514.0699999999999
itapissuma,370.86
itapitanga,264.09000000000003
itapiuna,106.24
itapoa,1087.75
itapolis,4026.78
itapora,248.44
itaporanga,2971.05
itaporanga d'ajuda,263.24
itapui,1430.8899999999999
itapura,426.6
itapuranga,959.3100000000001
itaquaquecetuba,21421.82
itaqui,1522.33
itaquirai,388.72
itaquitinga,127.78999999999999
itarana,1010.02
itarantim,574.72
itarare,4520.99
itarema,99.95
itariri,1378.73
itatiaia,1882.29
itatiaiucu,167.15
itatiba,13634.02
itatiba do sul,55.95
itatim,400.46
itatinga,1832.1
itau,761.37
itau de minas,460.03
itauba,1661.97
itaueira,173.62
itauna,9012.789999999999
itinga,434.67
itiquira,160.66
itirapina,179.21
itirucu,845.37
itiuba,387.5
itobi,591.42
itororo,709.37
itu,14236.31
ituacu,478.07000000000005
itubera,181.22
itueta,508.94000000000005
ituiutaba,6593.01
itumbiara,6489.07
itupeva,6039.66
itupiranga,602.38
ituporanga,3580.25
iturama,1931.51
itutinga,96.01
ituverava,4325.59
iuna,176.26999999999998
ivai,645.77
ivaipora,640.86
ivate,358.34000000000003
ivinhema,308.82
ivora,175.79
ivoti,1507.4299999999998
jaboatao dos guararapes,25282.34
jabora,302.78999999999996
jaborandi,166.38
jaboti,196.96
jaboticabal,6776.97
jaboticatubas,808.87
jacaraci,1040.27
jacare,952.5799999999999
jacareacanga,86.03999999999999
jacarei,20939.76
jacarezinho,1635.31
jaci,143.41000000000003
jaciara,252.88
jacigua,175.11
jacinto,144.46
jacinto machado,447.17
jacobina,7693.92
jacui,475.87
jacuipe,34.78
jacuizinho,74.26
jacunda,1844.8200000000002
jacupiranga,885.57
jacutinga,3201.74
jaguaquara,237.14000000000001
jaguaracu,71.04
jaguarao,1242.01
jaguare,1513.1
jaguarembe,53.31
jaguari,209.34000000000003
jaguariaiva,2117.0299999999997
jaguaribara,125.23
jaguaribe,861.8
jaguariuna,9595.58
jaguaruana,1339.3000000000002
jaguaruna,196.89
jaiba,799.04
jales,3478.63
jamaica,71.85
jamapara,49.6
jambeiro,395.03999999999996
jampruca,262.83
janauba,3646.22
jandaia,53.4
jandaia do sul,2156.75
jandaira,226.2
jandira,9658.31
janduis,119.38
janiopolis,316.22
januaria,4050.95
japaraiba,132.46
japaratuba,138.24
japeri,5682.83
japi,294.19
japira,457.63
japoata,220.6
japuiba,1230.85
japura,521.53
jaqueira,679.1700000000001
jaquirana,547.98
jaragua,755.0699999999999
jaragua do sul,15299.9
jaraguari,110.52
jardim,808.4100000000001
jardim abc de goias,34.09
jardim alegre,161.44
jardim de piranhas,48.74
jardim do serido,555.81
jardim olinda,189.84
jardinopolis,1851.48
jari,421.21000000000004
jarinu,1712.06
jaru,910.26
jatai,11337.93
jatauba,212.12
jatoba,709.61
jau,10847.52
jaua,177.38
jaupaci,105.28
jauru,762.86
jeceaba,683.51
jenipapo de minas,22.58
jequeri,676.84
jequia da praia,351.24
jequie,5766.87
jequitai,243.3
jequitiba,703.86
jequitinhonha,1595.8600000000001
jeremoabo,1126.37
jerico,113.08
jeriquara,144.65
jeronimo monteiro,321.11
jesuania,461.09
jesuitas,642.93
jesupolis,195.34
ji-parana,4435.13
jijoca de jericoacoara,1262.22
jiquirica,519.93
joacaba,5233.09
joaima,53.0
joanopolis,904.51
joao alfredo,300.07
joao camara,1466.81
joao dourado,36.69
joao lisboa,810.71
joao monlevade,8232.52
joao neiva,911.4
joao pessoa,61117.81
joao pinheiro,2814.0299999999997
joao ramalho,479.57
joaquim nabuco,350.45
joaquim pires,37.81
joaquim tavora,392.01
joinville,40508.69
jordania,1047.2
jose boiteux,165.0
jose bonifacio,1666.93
jose da penha,196.43
jose de freitas,350.42
joselandia,109.18
joviania,472.11
juara,502.95
juatuba,699.3299999999999
juazeiro,8662.05
juazeiro do norte,8138.34
jucas,363.96
jucurucu,478.31
jucurutu,839.8299999999999
juina,5417.13
juiz de fora,74856.62
julio de castilhos,983.04
julio mesquita,984.59
jumirim,408.24
junco do serido,318.42
jundiai,90314.81999999999
jundiai do sul,384.01
junqueiro,464.40999999999997
junqueiropolis,2505.96
jupi,666.86
juquia,880.09
juquitiba,3529.98
juranda,69.94
jurema,54.34
juripiranga,157.99
juru,919.38
juruaia,470.59000000000003
juruena,394.38
juruti,75.53
juscimeira,167.0
jussara,175.5
jussari,213.19
jussiape,53.79
juti,719.48
juvenilia,109.1
kalore,563.96
ladainha,210.20999999999998
ladario,380.36
lagarto,2362.35
lages,13694.33
lago da pedra,1038.96
lago verde,134.01
lagoa,180.76
lagoa d'anta,194.34
lagoa da canoa,204.53
lagoa da confusao,929.74
lagoa da prata,1884.08
lagoa de sao francisco,107.02
lagoa de velhos,234.19
lagoa do carro,880.78
lagoa do mato,61.62
lagoa do ouro,373.35
lagoa do piaui,106.38
lagoa dos gatos,1073.47
lagoa dos patos,74.05
lagoa dos tres cantos,91.18
lagoa dourada,707.3000000000001
lagoa formosa,921.9200000000001
lagoa grande,3352.96
lagoa nova,205.2
lagoa real,459.92
lagoa salgada,82.72
lagoa santa,9681.01
lagoa vermelha,1883.04
lagoao,175.43
lagoinha,668.73
lagoinha do piaui,149.61
laguna,2696.25
laje do muriae,235.28
lajeado,9615.48
lajeado grande,145.08
lajedo,1137.2
lajinha,567.69
lamarao,81.34
lambari,1692.91
lamim,108.63
lapa,2488.54
laranja da terra,85.6
laranjal,359.39
laranjal do jari,426.17999999999995
laranjal paulista,2583.82
laranjeiras do sul,2413.23
laurentino,863.27
lauro de freitas,10893.5
lauro muller,1597.19
lavinia,390.41
lavras,14744.86
lavras da mangabeira,986.46
lavras do sul,646.56
lavrinhas,621.35
leandro ferreira,248.1
leme,9157.01
lencois,307.68
lencois paulista,7565.4800000000005
leoberto leal,40.09
leopoldina,2038.21
leopoldo de bulhoes,300.76
leopolis,31.38
liberato salzano,31.22
liberdade,150.9
lima duarte,920.86
limeira,26060.739999999998
limeira do oeste,502.43000000000006
limoeiro,701.21
limoeiro do norte,1492.55
lindoeste,198.25
lindoia,751.34
lindoia do sul,120.22
lindolfo collor,130.65
linhares,13987.34
lins,10363.81
livramento de nossa senhora,777.57
loanda,2042.79
lobato,562.77
londrina,52428.409999999996
lontras,455.59
lorena,9137.710000000001
loreto,1643.64
lourdes,223.84
louveira,5615.7300000000005
lucas do rio verde,6463.96
lucelia,1147.89
lucena,127.17
lucianopolis,199.97
luis antonio,1131.43
luis correia,153.36
luis eduardo magalhaes,9538.69
luisburgo,314.57
luiz alves,144.4
luiziana,186.57
luiziania,270.23
luizlandia do oeste,265.31
luminarias,468.68
lunardelli,250.07999999999998
lupercio,172.11
lupionopolis,248.77
lutecia,908.84
luz,200.53
luziania,5608.51
luziapolis,181.62
luzilandia,273.01
macae,36487.46
macaiba,757.1700000000001
macambara,205.72
macambira,259.15
macapa,13545.039999999999
macaparana,208.71
macatuba,3452.45
macau,1297.69
macaubal,121.91
macaubas,1221.3899999999999
macedonia,388.43
maceio,51644.96
machacalis,175.17
machadinho,65.6
machadinho d'oeste,572.96
machado,3182.8
machados,142.66
macieira,55.56
macuco,90.88
macuco de minas,215.14
madalena,176.24
madre de deus,826.74
madre de deus de minas,422.11
mae d'agua,90.89
mae do rio,203.61
mafra,2327.31
magalhaes de almeida,323.52
magda,496.07
mage,16751.06
maioba,696.9499999999999
maiquinique,139.48
mairi,974.31
mairinque,3235.0
mairipora,10363.16
major porto,100.33
major vieira,329.03
malacacheta,1702.21
malhador,58.14
mallet,907.63
mamanguape,1406.4700000000003
mambai,921.9
mambore,928.47
mamonas,246.36
mampituba,58.55
manaira,147.4
manaus,25542.82
mandaguacu,3325.86
mandaguari,5829.06
mandirituba,26.77
manduri,287.21
manfrinopolis,138.08
manga,445.78999999999996
mangaratiba,1224.42
mangueirinha,1733.05
manhuacu,10066.62
manhumirim,2817.53
manoel ribas,742.3199999999999
manoel urbano,248.71
manoel viana,260.36
mansidao,65.78999999999999
mantena,1946.55
mantenopolis,503.02
maquine,207.4
mar de espanha,1191.57
mar vermelho,689.02
mara rosa,218.17000000000002
maraba,4661.78
maracacume,802.4200000000001
maracai,1345.6000000000001
maracaju,3511.21
maracana,331.25
maracanau,5915.2300000000005
maracas,877.0899999999999
maragogi,2135.5299999999997
maragogipe,195.04000000000002
maranguape,345.53
maranhaozinho,76.57
marataizes,3274.31
marau,2631.98
maravilha,984.14
maravilhas,516.36
marcelino vieira,169.02
marco,756.76
marcos parente,64.5
marechal candido rondon,4144.69
marechal deodoro,379.2
marechal floriano,681.38
mari,342.8
maria da fe,365.65
marialva,3115.02
mariana,5218.88
mariano moro,137.26
mariapolis,140.98000000000002
maribondo,100.97
marica,18020.170000000002
mariental,1867.85
marilac,942.78
marilandia,1593.2199999999998
marilandia do sul,178.27
marilena,107.87
marilia,37219.88
mariluz,349.65
maringa,44263.88
marinopolis,188.98
mario campos,690.9
mariopolis,173.95
maripa,432.73
maristela,731.42
marituba,1663.07
marmeleiro,862.98
marques de souza,45.0
martinesia,53.23
martinho campos,473.7
martinopolis,4084.1099999999997
martins,250.31
martins soares,613.9
mascote,158.99
massape,182.79000000000002
massaranduba,479.34
mata,418.35
mata de sao joao,1344.18
mata grande,469.34999999999997
mata roma,260.90999999999997
mata verde,1667.51
matao,8360.85
matelandia,87.6
materlandia,116.65
mateus leme,654.1
matias barbosa,2489.66
matias olimpio,841.4
matinhos,3538.83
matipo,552.35
mato leitao,226.59
mato rico,92.65
mato verde,651.31
matoes,106.3
matoes do norte,772.28
matozinhos,944.16
matrincha,207.18
matriz de camaragibe,84.9
matupa,1087.87
matutina,167.66
maua,48113.09
maua da serra,167.12
maurilandia,334.51
mauriti,57.28
maximiliano de almeida,422.55000000000007
medeiros,317.7
medeiros neto,797.29
medianeira,3411.7200000000003
medicilandia,43.14
medina,694.4
meleiro,262.78999999999996
mendes,1509.99
mendes pimentel,477.73
mendonca,468.43
mercedes,266.38
merces,285.82
meridiano,140.47
meruoca,160.85
mesquita,11004.89
messias targino,106.85
miguel calmon,787.81
miguel pereira,4409.54
miguelopolis,2265.5
milagres,1016.33
milha,288.29999999999995
mimoso de goias,179.12
mimoso do sul,853.5600000000001
minacu,1787.83
minas do leao,280.72
minas novas,507.14
minduri,43.18
mineiros,4233.22
mineiros do tiete,257.34000000000003
ministro andreazza,120.05
mira estrela,213.56
miracatu,991.8100000000001
miracema,1891.44
miradouro,64.42
miraguai,183.29
mirai,1132.43
miraima,291.3
miranda,343.15999999999997
miranda do norte,154.64
mirandiba,323.15999999999997
mirandopolis,1535.41
miranorte,733.42
mirante da serra,165.6
mirante do paranapanema,242.49
mirassol,6383.33
mirassol d'oeste,2207.23
miravania,50.1
mirinzal,311.65
missal,2838.9900000000002
missao velha,40.62
missi,152.95
mocajuba,85.6
mococa,6758.87
moeda,85.46
moema,214.12
mogi das cruzes,56778.42
mogi mirim,9974.89
mogi-guacu,13123.01
mogi-mirim,112.61
moju,372.88
mojui dos campos,180.87
mombaca,247.98
mombuca,144.47
moncao,143.36
moncoes,379.13
mondai,458.31
mongagua,6027.55
monnerat,376.86
monsenhor paulo,69.12
monsenhor tabosa,412.32000000000005
montadas,120.9
montalvania,422.43
montanha,1862.77
montanhas,361.07
montauri,514.42
monte alegre,190.39999999999998
monte alegre de minas,302.91
monte alegre de sergipe,128.0
monte alegre do sul,4360.38
monte alto,2870.52
monte alverne,282.01
monte aprazivel,1186.5
monte azul,729.88
monte azul paulista,3287.1
monte belo,1340.3
monte belo do sul,116.74
monte bonito,50.34
monte carlo,372.87
monte carmelo,3403.67
monte castelo,203.54000000000002
monte formoso,103.19
monte gordo,224.17
monte mor,5039.0
monte santo,40.0
monte santo de minas,1018.0
monte siao,2866.44
monte verde,463.45000000000005
monteiropolis,203.43
montenegro,5643.51
montes claros,30722.4
montezuma,220.35
montividiu do norte,33.09
morada nova,1668.92
morada nova de minas,730.37
moreilandia,295.12
moreira sales,433.48
moreno,960.09
morpara,393.72999999999996
morretes,639.65
morrinhos,2929.51
morro agudo,1967.96
morro agudo de goias,50.68
morro da fumaca,1921.45
morro da garca,227.14
morro de sao paulo,832.0
morro do chapeu,737.8399999999999
morro do ferro,154.38
morro do pilar,87.64
morro grande,158.58
morro redondo,233.66
morro reuter,741.4
morro vermelho,40.99
morungaba,708.3199999999999
mossamedes,84.14
mossoro,6244.01
mostardas,1720.33
motuca,182.29
mozarlandia,1008.04
mucambo,149.14
mucuge,285.74
mucuri,2385.9900000000002
mucurici,415.66
mundo novo,1243.19
munhoz,477.12
munhoz de melo,1037.26
muniz freire,279.13
muquem do sao francisco,104.21
muqui,574.38
muriae,12532.07
murici,84.05
muritiba,222.63
murucupi,162.13
murutinga do sul,855.71
mussurepe,117.94
mutuipe,580.09
mutum,1589.8700000000001
mutum parana,72.27
mutunopolis,58.56
muzambinho,840.63
nacip raydan,92.16
nantes,91.05
nanuque,2920.75
nao-me-toque,1062.1
narandiba,436.65999999999997
natal,42625.1
natercia,57.5
natividade,3517.22
natividade da serra,138.89
navegantes,7500.85
navirai,2313.24
nazare,504.82000000000005
nazare da mata,114.56
nazare paulista,934.3299999999999
nazareno,190.26
nazario,274.39
neopolis,257.1
nepomuceno,810.6800000000001
neropolis,1464.02
neves paulista,154.32
nhandeara,698.47
nilopolis,15462.98
nipoa,372.35
niquelandia,1902.01
niteroi,135458.19
nobres,59.91
nonoai,252.67
nortelandia,210.64
nossa senhora da gloria,274.72
nossa senhora das dores,598.23
nossa senhora das gracas,80.75
nossa senhora de caravaggio,154.38
nossa senhora de lourdes,118.1
nossa senhora do o,61.61
nossa senhora do remedio,163.29000000000002
nossa senhora do socorro,2809.56
nova alvorada,331.88
nova alvorada do sul,476.88
nova america,66.11
nova america da colina,76.65
nova andradina,2527.5499999999997
nova araca,136.59
nova aurora,1174.59
nova bandeirantes,665.53
nova bassano,471.77000000000004
nova boa vista,75.85
nova brasilandia d'oeste,472.14
nova campina,209.51999999999998
nova canaa,210.07999999999998
nova canaa do norte,227.15
nova canaa paulista,139.15
nova cantu,234.31
nova crixas,176.18
nova cruz,583.25
nova era,2565.16
nova erechim,306.78
nova esperanca,1760.46
nova esperanca do piria,2252.66
nova esperanca do sudoeste,100.33
nova esperanca do sul,368.64
nova europa,760.89
nova fatima,515.0799999999999
nova floresta,155.0
nova friburgo,30715.39
nova granada,2122.45
nova guarita,41.79
nova guataporanga,117.76
nova hartz,755.22
nova iguacu,68470.07
nova independencia,34.86
nova ipixuna,517.03
nova itaberaba,344.77
nova lacerda,380.75
nova laranjeiras,251.59
nova lima,23112.170000000002
nova londrina,946.5600000000001
nova luzitania,34.75
nova mamore,803.1600000000001
nova monte verde,330.93
nova mutum,715.67
nova odessa,5060.2699999999995
nova olimpia,272.03999999999996
nova olinda,1849.7199999999998
nova olinda do maranhao,1724.33
nova padua,89.36
nova palma,466.62
nova petropolis,600.06
nova ponte,1638.54
nova prata,1541.25
nova prata do iguacu,1185.19
nova redencao,36.69
nova resende,26.09
nova roma,67.59
nova roma do sul,1127.29
nova russas,1842.03
nova santa barbara,130.53
nova santa rita,1102.82
nova santa rosa,496.62
nova serrana,8693.69
nova soure,325.43
nova timboteua,133.05
nova trento,972.21
nova ubirata,123.75
nova venecia,2956.59
nova veneza,889.9
nova vicosa,271.01
nova xavantina,3602.16
novais,111.99
novo alegre,319.09
novo barreiro,232.02999999999997
novo brasil,103.75
novo cabrais,71.15
novo cruzeiro,968.87
novo gama,2001.41
novo hamburgo,20130.73
novo horizonte,3078.81
novo itacolomi,122.22
novo jardim,60.98
novo lino,114.26
novo machado,77.66
novo mundo,77.13
novo oriente,321.4
novo oriente do piaui,252.57
novo planalto,46.29
novo progresso,2436.08
novo repartimento,260.16
novo sao joaquim,362.64
nucleo residencial pilar,2417.94
nuporanga,895.41
ocara,162.69
ocaucu,320.77
oeiras,803.91
oeiras do para,247.45999999999998
oiapoque,425.24
olaria,96.22
oleo,73.34
olho d'agua das cunhas,370.97
olho d'agua das flores,346.07
olhos d'agua,119.84
olimpia,6365.150000000001
olinda,15081.42
olindina,229.59
oliveira,3102.9700000000003
oliveira dos brejinhos,185.84
onda verde,89.49
oriente,1075.02
orindiuva,629.59
orizania,190.09
orizona,657.08
orlandia,4552.4
orleans,1617.67
orobo,142.63
oroco,389.46
oros,160.71
ortigueira,1139.45
osasco,92461.02
oscar bressane,339.93
osorio,7225.75
osvaldo cruz,2124.36
osvaldo kroeff,262.16
otacilio costa,1162.85
ourem,66.05
ouricuri,2730.73
ourilandia do norte,1934.3500000000001
ourinhos,14325.33
ourizona,167.8
ouro,310.25
ouro branco,5283.79
ouro fino,2978.22
ouro preto,8149.91
ouro preto do oeste,718.48
ouro verde,356.03999999999996
ouro verde de goias,98.23
ouro verde de minas,114.19
ouro verde do oeste,27.38
ouroeste,1437.57
ouvidor,401.07
pacaembu,1595.0700000000002
pacaja,2860.96
pacajus,1520.0
pacatuba,4469.86
paco do lumiar,1005.93
pacoti,222.29000000000002
pacotuba,69.14
pacuja,538.39
padre bernardo,263.69
padre carvalho,582.94
padre gonzales,69.54
padre paraiso,77.57
paial,165.71
paicandu,1106.22
paineiras,81.98
pains,406.77
paiva,181.74
palestina,634.5699999999999
palhano,136.6
palhoca,12938.05
palma,504.05
palma sola,1010.5500000000001
palmares,1503.57
palmares do sul,518.4
palmares paulista,70.93
palmas,23705.75
palmeira,2994.12
palmeira d oeste,64.42
palmeira d'oeste,396.90999999999997
palmeira das missoes,1943.52
palmeira dos indios,1463.46
palmeiras,292.3
palmeiras de goias,407.33
palmeirinha,93.8
palminopolis,237.94
palmital,2323.78
palmitinho,359.99
palmitos,760.98
palmopolis,113.2
palotina,1065.77
panambi,4059.1499999999996
pancas,198.9
panelas,210.48999999999998
panorama,474.64
pantano grande,348.93
papagaios,367.65999999999997
papanduva,876.65
papucaia,1435.7
para de minas,7994.59
paracambi,7516.23
paracatu,10113.1
paracuru,705.9200000000001
paragominas,2803.86
paraguacu,1826.29
paraguacu paulista,3067.31
parai,290.6
paraiba do sul,3452.08
paraibano,422.91
paraibuna,1810.75
paraipaba,706.54
paraiso,948.39
paraiso das aguas,53.34
paraiso do norte,269.21
paraiso do sul,47.29
paraiso do tocantins,2238.86
paraisopolis,2376.16
paraju,105.74
parambu,269.21999999999997
paramirim,555.47
parana,195.25
paranacity,222.6
paranagua,8781.35
paranaiba,1701.31
paranaiguara,293.35
paranaita,2016.47
paranapanema,759.71
paranapoema,140.49
paranapua,87.80000000000001
paranatinga,2574.3199999999997
paranavai,8254.93
paranhos,309.99
paraopeba,1066.74
parapua,1345.83
parati,3088.59
paraty,3249.86
parauapebas,5634.15
parauna,610.16
pardinho,355.06
pareci novo,37.1
parelhas,1496.8000000000002
paripiranga,156.65
paripueira,379.2
pariquera-acu,2065.21
parisi,46.34
parnaiba,5085.78
parnamirim,11220.5
parnarama,217.82
parobe,1985.07
passa quatro,1906.52
passa tempo,146.46
passa tres,97.37
passagem,1265.83
passagem franca,87.66
passira,461.72
passo de camaragibe,110.28
passo de torres,731.26
passo fundo,18088.81
passos,5196.44
passos maia,248.1
pastos bons,210.22
patis,65.0
pato bragado,124.83
pato branco,10599.58
patos,4795.28
patos de minas,19269.36
patrocinio,8023.55
patrocinio do muriae,134.38
patrocinio paulista,1147.46
patu,302.87
paty do alferes,2597.71
pau brasil,315.92
pau d'arco,83.05
pau dos ferros,3176.81
paudalho,950.1400000000001
paula candido,168.19
paula freitas,553.46
pauliceia,496.12
paulinia,18545.23
paulista,7602.08
paulistana,1013.26
paulistania,116.94
paulo afonso,7842.14
paulo de faria,656.48
paulo frontin,707.4
paulo jacinto,475.58000000000004
paulo lopes,271.66
pavao,75.63
peabiru,748.5
pecanha,988.53
pederneiras,3450.01
pedra,349.78999999999996
pedra azul,543.8
pedra bela,279.31
pedra branca,183.99
pedra do indaia,96.08
pedra lavrada,87.9
pedra menina,38.5
pedra preta,754.25
pedralva,844.3199999999999
pedranopolis,74.41
pedrao,343.71
pedras altas,105.28
pedras de fogo,204.63
pedregulho,1122.18
pedreira,3391.29
pedreiras,1141.76
pedrinhas paulista,485.48
pedrinopolis,553.3
pedro afonso,368.9
pedro canario,476.55
pedro de toledo,893.26
pedro gomes,132.38
pedro ii,127.77
pedro leopoldo,5875.05
pedro osorio,752.98
pedro velho,99.11
peixe,117.16
peixoto de azevedo,491.56
pejucara,830.3499999999999
pelotas,27209.33
penaforte,559.03
penapolis,5549.28
pendencias,410.02
penedo,1697.95
penha,2379.71
pentecoste,299.21
pequi,197.5
pequizeiro,253.98
perdigao,383.08000000000004
perdizes,1382.5
perdoes,752.01
pereira barreto,4460.09
pereiras,69.69
pereiro,379.74
peri mirim,59.83
periquito,1588.1
peritiba,144.70999999999998
perobal,95.31
perola,313.31
perola d'oeste,672.75
perola independente,104.46
perpetuo socorro,182.3
peruibe,7697.97
pescador,44.42
pesqueira,1036.55
petrolandia,2587.77
petrolina,16263.27
petropolis,38519.65
piacabucu,320.4
piacatu,74.13
piacu,194.48
pianco,2324.99
piata,131.35
piau,161.44
picada cafe,49.6
picarra,1122.86
picarras,170.84
picos,4255.89
picui,221.70999999999998
piedade,2919.16
piedade de caratinga,799.83
piedade do rio grande,466.90000000000003
piedade dos gerais,440.15999999999997
pien,405.37
pilao arcado,364.68
pilar,265.31
pilar do sul,1225.3200000000002
pimenta,271.26
pimenta bueno,1622.27
pimenteiras,193.21
pindai,171.54
pindamonhangaba,14047.15
pindare mirim,586.2
pindoba,542.52
pindobacu,243.72
pindorama,405.52
pindorama do tocantins,174.18
pindoretama,63.18
pingo-d'agua,413.02
pinhais,10103.74
pinhal da serra,35.0
pinhalao,2032.35
pinhalzinho,2578.16
pinhao,1570.99
pinheiral,2529.38
pinheiro,553.23
pinheiro machado,713.31
pinheiros,1396.34
pinhotiba,77.57
pintadas,520.5
pio ix,184.84
pio xii,546.03
piquerobi,112.45
piquete,945.86
piracaia,2866.91
piracanjuba,2211.4
piracema,166.59
piracicaba,55621.159999999996
piracuruca,347.44
pirai,2544.07
pirai do norte,46.28
pirai do sul,740.98
piraju,5054.76
pirajuba,152.61
pirajui,1789.32
pirambu,305.77
piranga,400.39
pirangi,1189.13
piranguinho,1689.85
piranhas,911.81
pirapetinga,640.39
pirapo,96.29
pirapora,7842.16
pirapora do bom jesus,3067.54
pirapozinho,1582.47
piraquara,1947.24
pirassununga,9868.55
piratini,87.64
piratininga,1716.05
piratuba,1095.8799999999999
pirauba,307.69
pirenopolis,355.74
pires do rio,3930.03
pires ferreira,43.79
piripa,110.84
piripiri,828.5600000000001
piritiba,512.19
pirpirituba,1372.25
pitanga,607.71
pitanga de estrada,154.83
pitangueiras,1634.6399999999999
pitangui,3064.2
pitimbu,455.11
pium,45.63
piuma,2590.17
piumhi,283.52
piumhii,4454.11
placas,318.58000000000004
planaltina,949.34
planaltina de goias,131.61
planaltina do parana,25.85
planaltino,254.44
planalto,976.35
planura,151.1
poa,10803.79
pocao,318.53
pocao de pedras,214.05
pocinhos,351.91999999999996
poco de pedra,190.66
poco fundo,1244.88
poco redondo,546.78
poco verde,689.31
pocoes,399.2
pocoes de paineiras,145.95
pocos de caldas,18309.36
pocrane,223.12
pojuca,1820.78
polo petroquimico de triunfo,20.7
poloni,222.41
pombal,2210.2
pombos,131.43
pomerode,1797.5500000000002
pompeia,2252.95
pompeu,1321.67
pongai,429.05000000000007
ponta grossa,21786.91
ponta pora,4652.16
pontal,1333.05
pontal do parana,1235.05
pontalina,488.72
pontalinda,84.75
pontao,71.79
ponte alta do norte,59.46
ponte nova,7823.6900000000005
ponte serrada,483.78
pontes e lacerda,1972.9
pontes gestal,135.08
ponto belo,98.56
ponto do marambaia,28.8
ponto dos volantes,74.3
ponto novo,377.0
populina,71.3
porangaba,195.63
porangatu,2162.74
porciuncula,1112.13
porecatu,930.71
portalegre,513.01
portao,959.46
porteiras,42.18
porteirinha,358.05
portela,246.26
portelandia,130.63
porto acre,104.35
porto alegre,214667.83
porto alegre do norte,445.32
porto amazonas,93.21
porto belo,1079.32
porto calvo,397.93
porto de pedras,200.35
porto esperidiao,278.83000000000004
porto estrela,156.72
porto feliz,3365.5699999999997
porto ferreira,2130.07
porto firme,188.5
porto franco,349.14
porto grande,64.14
porto lucena,77.56
porto murtinho,71.15
porto nacional,1911.38
porto real,1645.92
porto rico,318.92
porto seguro,11671.6
porto trombetas,300.28999999999996
porto uniao,3329.4300000000003
porto velho,26028.6
porto xavier,690.1800000000001
posse,3940.71
posto da mata,620.13
pote,577.53
potengi,331.95
potim,279.84
potiragua,644.7
potirendaba,842.8399999999999
pouso alegre,23967.97
pouso alto,302.81
pouso novo,81.82
pouso redondo,655.27
poxoreu,172.59
prado,1234.59
pradopolis,1081.31
prados,250.95
praia grande,43883.51
praia norte,113.35
pranchita,182.36
prata,1346.09
pratapolis,68.62
presidente alves,140.42000000000002
presidente bernardes,579.56
presidente castello branco,35.0
presidente dutra,2792.98
presidente epitacio,3014.15
presidente getulio,846.13
presidente janio quadros,173.88
presidente juscelino,302.46
presidente kennedy,282.31
presidente kubitschek,156.06
presidente lucena,32.09
presidente medici,332.32
presidente nereu,70.61
presidente olegario,557.41
presidente prudente,29166.5
presidente tancredo neves,325.58
presidente venceslau,3410.87
primavera,1166.01
primavera do leste,7092.91
primeiro de maio,1407.6100000000001
princesa isabel,344.62
progresso,242.59
promissao,4742.35
propria,559.99
protasio alves,165.06
prudencio thomaz,49.04
prudente de morais,168.49
prudentopolis,1085.17
pugmil,148.15
pureza,65.0
purilandia,194.48
putinga,182.56
puxinana,271.03
quadra,147.64
quarai,2474.1499999999996
quata,3417.29
quatigua,341.35
quatis,617.87
quatituba,114.85
quatro barras,2079.83
quatro bocas,1804.79
quatro pontes,167.66
quedas do iguacu,1030.44
queimadas,2608.51
queimados,7048.55
queiroz,58.9
queixada,77.29
queluz,249.89999999999998
querencia,2701.95
querencia do norte,99.43
quevedos,131.69
quijingue,268.06
quilombo,240.79
quilometro 14 do mutum,66.01
quinta do sol,178.66
quintana,435.84999999999997
quipapa,272.99
quirinopolis,1789.8
quissama,1879.68
quitandinha,405.09
quixabeira,309.42
quixada,3350.46
quixelo,200.25
quixeramobim,1119.97
quixere,837.1600000000001
rafard,659.46
rainha do mar,82.03
rancharia,3006.84
rancho alegre,102.66
rancho alegre d'oeste,149.29
rancho queimado,343.99
raposo,650.84
raposos,1297.31
raul soares,1357.77
ravena,86.73
realeza,1412.76
reboucas,493.38
rechan,322.37
recife,104795.5
recreio,334.19
redencao,3116.14
redencao da serra,106.23
redencao do gurgueia,257.56
redentora,449.34000000000003
regeneracao,1041.64
regente feijo,1088.31
reginopolis,1719.32
registro,6809.21
remanso,487.98999999999995
remigio,169.92
renascenca,352.23
reriutaba,1331.6299999999999
resende,16300.28
resende costa,276.09000000000003
reserva,371.55
reserva do cabacal,440.88
reserva do iguacu,28.52
resplendor,944.5999999999999
ressaquinha,229.07
restinga seca,324.33
retirolandia,117.0
riachao das neves,247.76999999999998
riachao do jacuipe,2613.59
riachinho,124.05000000000001
riacho da cruz,177.34
riacho das almas,268.77
riacho de santana,1302.47
riacho de santo antonio,159.6
riacho dos machados,331.25
riachuelo,90.97
rianapolis,534.47
ribas do rio pardo,66.13
ribeira,248.03
ribeira do amparo,61.79
ribeira do pombal,782.36
ribeirao,434.53
ribeirao bonito,846.12
ribeirao branco,515.49
ribeirao cascalheira,67.39
ribeirao claro,663.8
ribeirao das neves,14774.8
ribeirao do pinhal,447.33000000000004
ribeirao do sul,415.45
ribeirao pires,11725.68
ribeirao preto,74211.13
ribeirao vermelho,352.53
ribeiraozinho,358.01
ribeiro junqueira,200.33
ribeiropolis,100.77
rifaina,597.77
rincao,97.63
rinopolis,134.56
rio acima,709.23
rio azul,538.54
rio bananal,332.32
rio bonito,4946.29
rio bonito do iguacu,536.22
rio branco,16976.49
rio branco do sul,526.72
rio brilhante,1195.16
rio casca,433.46999999999997
rio claro,22988.68
rio das antas,213.78
rio das flores,665.69
rio das ostras,22385.63
rio das pedras,1205.56
rio de contas,290.72
rio de janeiro,1112156.04
rio do antonio,301.75
rio do campo,822.25
rio do oeste,433.84000000000003
rio do pires,731.25
rio do sul,5695.14
rio doce,96.2
rio dos cedros,67.82
rio dos indios,102.75
rio espera,176.45
rio formoso,268.93
rio fortuna,527.47
rio grande,19068.89
rio grande da serra,2577.7400000000002
rio grande do piaui,45.7
rio largo,693.04
rio manso,939.6800000000001
rio maria,435.57
rio negrinho,1381.73
rio negro,2472.91
rio novo,613.25
rio novo do sul,653.44
rio paranaiba,881.48
rio pardo,791.45
rio pardo de minas,708.49
rio piracicaba,580.14
rio pomba,1464.8600000000001
rio preto,233.2
rio real,480.6
rio rufino,76.66
rio tinto,490.25
rio verde,11956.42
riolandia,470.31
riqueza,302.68
ritapolis,212.32999999999998
riversul,102.03
roca sales,237.16000000000003
rodeio,985.95
rodeio bonito,264.44
rodeiro,482.21
rodelas,464.75
rodolfo fernandes,168.19
rolandia,5701.33
rolante,1078.45
rolim de moura,748.15
romaria,310.46
romelandia,176.87
roncador,191.73
ronda alta,1914.31
rondon,318.86
rondon do para,3484.38
rondonopolis,12381.58
roque gonzales,643.61
rosana,295.31
rosario,79.04
rosario do ivai,47.23
rosario do sul,1292.52
roseira,490.14
rubelita,80.88
rubiacea,250.15
rubiataba,1210.69
rubim,289.48
rubineia,112.2
russas,4622.34
ruy barbosa,921.15
sabara,5334.36
sabaudia,20.42
sabino,802.87
sabinopolis,412.4
saboeiro,201.83
sacra familia do tingua,149.04
sacramento,2358.54
sales,433.12
sales oliveira,627.74
salesopolis,1310.96
salgado filho,219.94
salgueiro,3044.75
salinas,5691.16
salinas da margarida,82.12
salmourao,90.27000000000001
saloa,1536.08
salobro,89.15
saltinho,1316.35
salto,11601.09
salto da divisa,151.66000000000003
salto de pirapora,1153.56
salto do ceu,175.61
salto do itarare,276.47
salto do jacui,301.94
salto do lontra,900.11
salto grande,674.34
salto veloso,497.07
salvador,207790.89
salvador do sul,206.99
sambaiba,215.47
sananduva,585.5699999999999
sanclerlandia,510.34
sandolandia,841.28
sanga puita,53.69
sangao,316.25
sanharo,2310.0
santa adelia,1861.06
santa albertina,830.4200000000001
santa amelia,175.87
santa barbara,5295.31
santa barbara d oeste,214.76
santa barbara d'oeste,14980.13
santa barbara do para,245.45
santa barbara do sul,180.09
santa branca,953.35
santa brigida,104.73
santa cecilia,746.21
santa cecilia do pavao,72.14
santa clara d'oeste,115.44
santa clara do sul,394.12
santa cruz,1097.16
santa cruz cabralia,605.1800000000001
santa cruz da conceicao,476.27
santa cruz das palmeiras,736.51
santa cruz de goias,779.6899999999999
santa cruz de minas,710.39
santa cruz de monte castelo,793.0500000000001
santa cruz de salinas,261.72
santa cruz do capibaribe,2777.52
santa cruz do piaui,158.38
santa cruz do prata,158.72
santa cruz do rio pardo,3126.23
santa cruz do sul,11974.65
santa cruz do timbo,49.31
santa ernestina,280.13
santa fe,1005.44
santa fe de goias,1921.27
santa fe de minas,178.27
santa fe do sul,4605.21
santa filomena,186.4
santa gertrudes,1471.05
santa helena,1695.89
santa helena de goias,1733.6799999999998
santa helena de minas,303.63
santa ines,2308.6800000000003
santa isabel,3181.2400000000002
santa isabel do ivai,478.6
santa isabel do para,919.57
santa isabel do rio preto,761.82
santa izabel do oeste,356.35
santa juliana,1880.37
santa leopoldina,107.78
santa lucia,522.75
santa luzia,13931.57
santa luzia do norte,44.95
santa luzia do parua,115.78
santa margarida,468.48
santa maria,37197.74
santa maria da boa vista,488.57000000000005
santa maria da serra,169.42
santa maria da vitoria,2185.0699999999997
santa maria de itabira,570.49
santa maria de jetiba,2231.06
santa maria do herval,115.44
santa maria do para,164.89
santa maria do salto,50.48
santa maria do suacui,517.75
santa maria madalena,1247.45
santa mariana,373.35
santa mercedes,269.57
santa monica,384.83000000000004
santa quiteria,1139.12
santa quiteria do maranhao,100.75
santa rita,1776.81
santa rita d'oeste,219.73000000000002
santa rita da floresta,96.8
santa rita de caldas,882.22
santa rita de jacutinga,45.09
santa rita de minas,428.77
santa rita do araguaia,972.03
santa rita do ibitipoca,216.81
santa rita do itueto,77.57
santa rita do passa quatro,2479.13
santa rita do sapucai,4687.13
santa rosa,3601.11
santa rosa de lima,232.79
santa rosa de viterbo,1975.27
santa rosa do sul,218.27
santa salete,95.0
santa teresa,1313.65
santa teresinha,338.1
santa tereza do oeste,420.59000000000003
santa terezinha,361.53
santa terezinha de itaipu,378.11
santa vitoria,4546.18
santa vitoria do palmar,2049.67
santaluz,333.97
santana,1941.31
santana da boa vista,115.8
santana da vargem,353.6
santana de parnaiba,25866.02
santana de pirapama,70.74
santana do acarau,1563.58
santana do araguaia,481.59
santana do capivari,39.52
santana do cariri,946.6800000000001
santana do deserto,206.99
santana do ipanema,285.45
santana do itarare,71.53
santana do jacare,1769.22
santana do livramento,4911.3
santana do manhuacu,281.44
santana do mundau,1268.01
santana do paraiso,3077.73
santana do serido,943.37
santana do sobrado,54.82
santana dos montes,296.46
santanesia,439.58
santarem,7125.5199999999995
santiago,2974.7
santo amaro,2066.7400000000002
santo amaro da imperatriz,3245.7
santo amaro das brotas,62.28
santo amaro de campos,1777.56
santo anastacio,2240.33
santo andre,101863.52
santo angelo,6448.63
santo antonio,507.98
santo antonio da alegria,250.03
santo antonio da patrulha,5603.12
santo antonio da platina,1544.84
santo antonio das missoes,495.32
santo antonio das queimadas,112.12
santo antonio de jesus,5060.15
santo antonio de padua,5765.6
santo antonio de posse,5393.22
santo antonio do amparo,477.03
santo antonio do aracangua,1117.99
santo antonio do aventureiro,88.92
santo antonio do caiua,302.55
santo antonio do canaa,194.88
santo antonio do descoberto,992.88
santo antonio do grama,275.36
santo antonio do itambe,289.46999999999997
santo antonio do jacinto,573.48
santo antonio do jardim,294.35
santo antonio do leste,237.55
santo antonio do leverger,124.41
santo antonio do monte,2247.31
santo antonio do palma,104.09
santo antonio do pinhal,1252.69
santo antonio do planalto,221.07
santo antonio do rio abaixo,24.23
santo antonio do sudoeste,268.07
santo antonio do taua,57.74
santo antonio dos campos,177.99
santo augusto,1319.28
santo cristo,766.18
santo eduardo,260.06
santo estevao,1226.69
santo expedito,293.46
santo expedito do sul,237.54
santo hipolito,119.88
santo inacio,79.7
santos,111115.6
santos dumont,2559.58
sao benedito,1126.52
sao benedito do rio preto,133.22
sao benedito do sul,64.83
sao bentinho,69.15
sao bento,1381.24
sao bento abade,31.1
sao bento do sapucai,788.06
sao bento do sul,6105.45
sao bento do una,1477.8
sao bernardino,208.48
sao bernardo,923.39
sao bernardo do campo,116785.21
sao bonifacio,116.46
sao borja,2616.8900000000003
sao bras,54.74
sao bras do suacui,129.71
sao caetano do sul,36430.82
sao carlos,34390.36
sao carlos do ivai,119.95
sao clemente,154.86
sao cristovao,900.4300000000001
sao cristovao do sul,137.07
sao desiderio,161.19
sao domingos,668.69
sao domingos das dores,72.45
sao domingos do araguaia,270.65
sao domingos do maranhao,219.51
sao domingos do norte,1028.5
sao domingos do prata,424.99
sao felipe,827.01
sao felix,44.69
sao felix de minas,409.5
sao felix do araguaia,134.64
sao felix do coribe,266.06
sao felix do xingu,1774.08
sao fidelis,2597.42
sao francisco,2812.23
sao francisco de assis,145.39
sao francisco de itabapoana,1816.41
sao francisco de paula,738.1
sao francisco do brejao,82.75
sao francisco do conde,367.33
sao francisco do gloria,91.35
sao francisco do guapore,405.61
sao francisco do sul,1890.5
sao gabriel,2829.82
sao gabriel da palha,1732.64
sao gabriel do oeste,695.9399999999999
sao geraldo,547.8100000000001
sao geraldo da piedade,181.76
sao geraldo do baguari,142.96
sao goncalo,59387.42
sao goncalo do abaete,216.48000000000002
sao goncalo do amarante,1705.59
sao goncalo do para,975.85
sao goncalo do rio abaixo,1013.4300000000001
sao goncalo do rio das pedras,196.5
sao goncalo do rio preto,397.9
sao goncalo do sapucai,1342.34
sao gotardo,3078.92
sao jeronimo,729.3399999999999
sao joao,1541.31
sao joao batista,2229.69
sao joao batista do gloria,436.83000000000004
sao joao d'alianca,844.86
sao joao da barra,2548.11
sao joao da boa vista,13428.77
sao joao da mata,228.39
sao joao da parauna,187.84
sao joao da ponte,496.76
sao joao da urtiga,156.64
sao joao das missoes,165.15
sao joao de iracema,213.38
sao joao de meriti,20782.72
sao joao de petropolis,43.09
sao joao de pirabas,305.33000000000004
sao joao del rei,9744.43
sao joao do ivai,229.56
sao joao do manhuacu,199.26000000000002
sao joao do manteninha,537.22
sao joao do oriente,318.11
sao joao do paraiso,754.0
sao joao do piaui,1891.8799999999999
sao joao do sabugi,51.74
sao joao do sobrado,73.56
sao joao do sul,902.37
sao joao do triunfo,201.82
sao joao dos patos,1615.47
sao joao evangelista,1174.9
sao joao nepomuceno,3088.1400000000003
sao joaquim,1310.3899999999999
sao joaquim da barra,4808.58
sao joaquim de bicas,1965.51
sao joaquim do monte,107.95
sao jorge,87.02
sao jorge d'oeste,111.02
sao jorge do ivai,395.96000000000004
sao jorge do oeste,60.53
sao jorge do patrocinio,123.72
sao jose,24230.43
sao jose da barra,1158.1100000000001
sao jose da bela vista,379.07
sao jose da boa vista,137.07
sao jose da coroa grande,289.78999999999996
sao jose da laje,296.36
sao jose da lapa,1237.52
sao jose da tapera,144.47
sao jose da vitoria,225.76000000000002
sao jose de mipibu,956.19
sao jose de ribamar,1764.06
sao jose de uba,544.52
sao jose do barreiro,260.89
sao jose do belmonte,299.84000000000003
sao jose do calcado,1127.26
sao jose do campestre,307.46
sao jose do cedro,598.77
sao jose do cerrito,333.34000000000003
sao jose do divino,826.1700000000001
sao jose do egito,630.2
sao jose do goiabal,247.67000000000002
sao jose do hortencio,373.23
sao jose do inhacora,102.7
sao jose do norte,710.3199999999999
sao jose do ouro,507.09000000000003
sao jose do piaui,173.88
sao jose do ribeirao,115.84
sao jose do rio claro,351.04999999999995
sao jose do rio pardo,5971.05
sao jose do rio preto,53296.63
sao jose do serido,203.31
sao jose do turvo,285.36
sao jose do vale do rio preto,1527.66
sao jose do xingu,72.52
sao jose dos campos,86492.5
sao jose dos cordeiros,258.03
sao jose dos pinhais,17521.99
sao jose dos quatro marcos,312.23
sao leopoldo,13185.7
sao lourenco,4958.96
sao lourenco da mata,1584.4099999999999
sao lourenco da serra,1357.03
sao lourenco do oeste,997.13
sao lourenco do piaui,191.11
sao lourenco do sul,2453.15
sao ludgero,746.51
sao luis,62155.04
sao luis de montes belos,1412.96
sao luis do curu,258.71
sao luis do paraitinga,945.99
sao luis do quitunde,351.54999999999995
sao luiz do norte,148.33
sao luiz gonzaga,4008.72
sao mamede,137.1
sao manuel,3403.6
sao marcos,994.76
sao martinho,938.31
sao mateus,7691.8
sao mateus de minas,82.88
sao mateus do maranhao,930.7
sao mateus do sul,2284.52
sao miguel,1004.52
sao miguel arcanjo,1554.39
sao miguel das matas,221.0
sao miguel do aleixo,70.86
sao miguel do anta,254.09
sao miguel do araguaia,1518.03
sao miguel do cambui,77.57000000000001
sao miguel do gostoso,473.04
sao miguel do guama,1514.4
sao miguel do guapore,622.23
sao miguel do iguacu,1244.1399999999999
sao miguel do oeste,7165.31
sao miguel do tapuio,524.54
sao miguel dos campos,1054.11
sao nicolau,138.6
sao patricio,172.96
sao paulo,2108073.49
sao paulo das missoes,459.26
sao paulo do potengi,319.78
sao pedro,3903.33
sao pedro da agua branca,336.56
sao pedro da aldeia,5712.97
sao pedro da uniao,451.64
sao pedro de alcantara,312.90999999999997
sao pedro do butia,116.19
sao pedro do iguacu,142.96
sao pedro do ivai,546.72
sao pedro do sul,121.97
sao pedro do turvo,117.9
sao pedro dos ferros,875.73
sao rafael,62.28
sao raimundo nonato,2987.04
sao romao,524.06
sao roque,10721.19
sao roque de minas,210.54
sao roque do canaa,436.01
sao sebastiao,11083.77
sao sebastiao da amoreira,63.23
sao sebastiao da boa vista,264.6
sao sebastiao da grama,1102.02
sao sebastiao da serra,171.35
sao sebastiao de campos,38.9
sao sebastiao do alto,616.6999999999999
sao sebastiao do cai,2053.37
sao sebastiao do maranhao,255.20999999999998
sao sebastiao do paraiba,571.16
sao sebastiao do paraiso,5509.71
sao sebastiao do passe,550.53
sao sebastiao do rio verde,332.58
sao sepe,695.71
sao simao,1734.25
sao thome das letras,85.5
sao tiago,586.45
sao tomas de aquino,382.56
sao tome,350.39
sao valentim,609.47
sao vendelino,37.09
sao vicente,21838.86
sao vicente ferrer,528.65
sao vitor,121.09
sape,2042.83
sapeacu,303.47
sapezal,1139.52
sapiranga,4014.95
sapopema,193.31
sapucai-mirim,647.16
sapucaia,777.0699999999999
sapucaia do sul,6392.7
saquarema,5614.72
sarandi,2296.15
sarapui,280.89
sardoa,137.99
sarutaia,71.82
sarzedo,1316.33
satiro dias,41.29
satuba,438.32
satubinha,229.97000000000003
saubara,228.6
saudade do iguacu,328.37
saudades,428.95
saude,169.98000000000002
schroeder,1356.76
seabra,1148.2600000000002
seara,694.82
sebastiao leal,75.89
seberi,169.67000000000002
sede alvorada,154.9
segredo,60.14
selbach,68.13
senador amaral,228.0
senador canedo,1790.29
senador cortes,400.66
senador firmino,180.44
senador guiomard,547.09
senador jose porfirio,31.63
senador la rocque,124.43
senador modestino goncalves,153.17000000000002
senador pompeu,718.11
senador salgado filho,102.49
senges,645.5
senhor do bonfim,3047.41
senhora de oliveira,169.94
senhora dos remedios,44.51
sento se,76.08
serafina correa,1042.38
sericita,253.62
seringueiras,504.64
serio,39.69
seropedica,5256.35
serra,41555.07
serra azul,108.52
serra azul de minas,388.01
serra bonita,232.82
serra branca,142.26
serra de sao bento,328.15
serra do ramalho,406.72
serra do salitre,72.05
serra dos aimores,443.08000000000004
serra dos dourados,83.33
serra dourada,234.2
serra negra,3522.56
serra talhada,2625.95
serrana,1115.27
serrania,382.17
serranopolis,1210.27
serranopolis de minas,136.5
serranopolis do iguacu,305.73
serrinha,2314.11
serrita,483.72
serro,876.62
serrolandia,363.65999999999997
sertania,479.91999999999996
sertanopolis,1008.14
sertao,410.35
sertao santana,39.13
sertaozinho,7829.73
sete barras,302.52
sete de setembro,75.73
sete lagoas,20173.89
setubinha,328.77
severiano melo,190.83
severinia,556.45
sideropolis,371.11
sidrolandia,1842.53
silva jardim,691.27
silvania,1373.15
silvano,117.94
silvanopolis,273.88
silveira carvalho,42.27
silveira martins,155.14
silveiras,474.25
silvianopolis,186.76000000000002
simao dias,1082.91
simao pereira,175.41
simoes filho,5223.07
simolandia,169.73
simonesia,1549.8700000000001
simplicio mendes,50.75
sinimbu,112.11000000000001
sinop,7696.82
siqueira campos,1663.61
siriji,77.03
sirinhaem,720.23
sitio do quinto,131.65
sitio novo,229.27999999999997
sitio novo do tocantins,476.27
sobradinho,1302.79
sobral,12440.17
sobralia,40.0
socorro,2640.22
solanea,519.29
soledade,1240.4099999999999
soledade de minas,394.78
solonopole,785.74
sombrio,1437.12
sonora,91.38
sooretama,456.35
sorocaba,85053.31
sorriso,4009.0299999999997
sousa,1356.43
sucesso,485.92
sucupira do norte,404.20000000000005
sud mennucci,448.01
sulina,45.0
sumare,24209.26
sume,364.39
sumidouro,1325.97
surubim,711.22
suzanapolis,88.94
suzano,28159.46
tabapora,286.07000000000005
tabapua,1535.21
tabatinga,487.11
tabira,1178.89
taboao da serra,39300.68
tabocas do brejo velho,199.96
taboquinhas,303.27
tabuleiro,382.78
tabuleiro do norte,71.88
tacaratu,263.65
taciba,419.6
tacuru,170.71
taguai,873.56
taguatinga,1028.89
taiacu,70.51
tailandia,2256.46
taio,4792.66
taiobeiras,3103.8
taiuva,1010.1299999999999
tamandare,73.84
tamarana,160.84
tambau,1823.49
tamboara,24.09
tanabi,1666.8799999999999
tangara,373.82
tangara da serra,4765.88
tangua,636.04
tanhacu,609.8
tanque d'arca,611.54
tanque novo,447.39
taparuba,104.37
tapejara,1757.73
tapera,79.07
taperuaba,82.42
tapes,934.26
tapinas,135.08
tapirai,140.53
tapiramuta,1476.8999999999999
tapiratiba,2835.28
tapurah,145.11
taquara,4954.91
taquaracu de minas,392.66
taquarana,190.43
taquari,1870.86
taquaritinga,5237.07
taquaritinga do norte,2371.18
taquarituba,2799.3500000000004
taquarivai,738.9
taquarucu do sul,93.29
tarabai,1174.4
taruma,1189.95
tarumirim,912.25
tatui,12752.93
taua,1251.37
taubate,33717.73
tavares,273.62
tecainda,165.13
teixeira,69.05
teixeira de freitas,4143.1
teixeira soares,657.92
teixeiras,607.65
tejupa,382.4
telemaco borba,5458.21
telha,229.65
tenente ananias,273.92
tenente portela,604.0500000000001
teodoro sampaio,1561.19
teofilandia,236.92000000000002
teofilo otoni,9586.61
teolandia,260.77
teotonio vilela,2331.9
terenos,85.26
teresina,59176.68
teresina de goias,96.8
teresopolis,20266.34
terezinha,65.62
termas de ibira,87.15
terra boa,773.42
terra de areia,1250.93
terra nova,267.93
terra nova do norte,499.35
terra rica,769.63
terra roxa,822.51
teutonia,1826.22
tiangua,2732.68
tibagi,386.07
tibau do sul,144.79
tiete,4792.73
tijucas,4144.17
timbauba,804.45
timbe do sul,262.92
timbo,4468.12
timburi,390.86
timon,1415.47
timoteo,8938.86
tiradentes,653.58
tiradentes do sul,67.7
tiros,218.66
tobias barreto,264.52
tocantinopolis,947.28
tocantins,778.49
tocos,381.47
tocos do moji,74.36
toledo,11688.66
tomar do geru,333.47
tomazina,411.31
tombos,420.1
tome-acu,50.62
toritama,1277.99
toropi,1682.98
torres,1833.3200000000002
torrinha,519.4200000000001
trabiju,279.91
tracuateua,39.61
tracunhaem,689.87
traipu,63.79
trairi,543.53
trajano de moraes,913.04
tramandai,3289.92
trancoso,995.1899999999999
travessao,510.42999999999995
travesseiro,32.71
tremembe,5462.7
tres arroios,236.8
tres barras,380.56
tres cachoeiras,831.42
tres coracoes,5476.22
tres coroas,910.48
tres de maio,2334.85
tres forquilhas,98.13
tres fronteiras,434.82
tres irmaos,171.20000000000002
tres lagoas,8547.88
tres marias,1095.9
tres passos,1503.72
tres pontas,2587.9900000000002
tres rios,8014.46
treviso,136.98
treze tilias,1159.36
trindade,8413.61
trindade do sul,3372.73
triunfo,2675.96
trombas,32.07
trombudo central,250.85999999999999
tubarao,12130.98
tucano,969.58
tucuma,585.23
tucunduva,437.36
tucurui,5756.65
tuiuti,60.85
tumiritinga,480.31
tunapolis,343.68
tunas do parana,233.3
tupa,7490.94
tupaciguara,1645.3700000000001
tupancireta,469.51
tupandi,361.04
tuparece,31.73
tuparendi,291.12
tuparetama,437.69
tupassi,32.38
tupi paulista,577.19
turmalina,1360.57
tururu,215.6
turvania,117.35000000000001
turvelandia,42.4
turvo,401.21000000000004
turvolandia,176.08999999999997
tutoia,556.87
uaua,473.03999999999996
uba,7733.99
ubai,61.73
ubaira,884.9100000000001
ubaitaba,667.9300000000001
ubajara,1414.63
ubaporanga,360.71
ubata,210.18
ubatuba,9536.95
uberaba,31881.58
uberlandia,55691.92
ubirajara,96.09
ubirata,751.43
uchoa,641.29
uibai,639.36
uirauna,285.36
ulianopolis,64.4
umbauba,315.39
umburanas,123.75
umburatiba,134.7
umuarama,6603.01
una,541.51
unai,8064.51
uniao,393.32
uniao da serra,33.6
uniao da vitoria,6037.75
uniao de minas,128.71
uniao do oeste,40.09
uniao do sul,249.2
uniao dos palmares,309.25
unistalda,64.47
upanema,1476.25
urai,334.39
urandi,767.8100000000001
urania,980.28
urbano santos,703.99
uruacu,2307.27
uruana,1355.95
uruana de minas,33.0
uruara,1199.13
urubici,378.58
uruburetama,87.8
urucania,200.33
urucuca,257.27
urucui,820.26
urucuia,168.29
urucurituba,242.94
uruguaiana,5460.4
uruoca,295.57
urupa,403.21
urupes,1313.27
urussanga,1083.08
urutai,184.79000000000002
utinga,396.97
vacaria,2768.2400000000002
valao do barro,86.54
vale do sol,37.09
vale real,264.34000000000003
valenca,12016.63
valenca do piaui,1268.65
valente,3614.1000000000004
valentim gentil,418.87
valinhos,25190.98
valparaiso,658.49
valparaiso de goias,6424.51
vanini,106.87
vargeao,520.65
vargem,101.5
vargem alegre,94.71
vargem alta,372.35
vargem bonita,826.27
vargem grande,137.01
vargem grande do rio pardo,365.98
vargem grande do soturno,111.02
vargem grande do sul,990.6800000000001
vargem grande paulista,5368.15
varginha,16022.51
varjao de minas,131.9
varjota,901.1800000000001
varre-sai,1035.37
varzea,150.18
varzea alegre,198.65
varzea da palma,2440.97
varzea do poco,73.83
varzea grande,7710.31
varzea nova,108.53
varzea paulista,12053.73
varzedo,65.53
varzelandia,131.44
vassouras,5309.87
vazante,1780.31
venancio aires,3352.84
venda branca,134.83
venda nova do imigrante,3171.23
ventania,209.88
venturosa,1297.06
vera,336.24
vera cruz,3212.0099999999998
vera cruz do oeste,488.34000000000003
veranopolis,2878.08
vere,848.97
vereda,356.65
verissimo,353.01
vermelho,116.79
vermelho novo,52.1
vertentes,49.62
vespasiano,6904.07
vespasiano correa,163.25
viamao,7987.71
viana,4782.41
vianopolis,616.76
vicencia,325.48
vicente dutra,31.22
vicentina,216.07
vicentinopolis,420.55
vicosa,18388.27
vicosa do ceara,43.79
victor graeff,181.25
videira,9246.03
vieiras,345.15
vigia,236.75
vila bela da santissima trindade,46.78
vila dos cabanos,597.67
vila flor,137.98
vila flores,462.5
vila langaro,191.91
vila muriqui,856.45
vila nelita,167.98000000000002
vila nova,117.19
vila nova do sul,101.34
vila pereira,109.21
vila reis,86.15
vila rica,335.36
vila valerio,1632.29
vila velha,54654.53
vilhena,2791.92
vinhedo,10382.01
viradouro,2480.93
virgem da lapa,864.44
virginia,54.13
virginopolis,737.12
virgolandia,413.44000000000005
visconde de maua,188.05
visconde do rio branco,1952.66
viseu,340.02
vista alegre,37.1
vista alegre do alto,327.66999999999996
vitoria,61487.64
vitoria da conquista,19252.21
vitoria das missoes,64.0
vitoria de santo antao,2988.47
vitoria do jari,137.27
vitoria do mearim,64.85
vitorino,67.23
vitorino freire,1744.3700000000001
vitorinos,105.37
volta grande,379.96000000000004
volta redonda,38606.53
votorantim,12085.64
votuporanga,9760.03
wagner,147.69
wanderley,333.11
wenceslau braz,250.51
wenceslau guimaraes,137.5
werneck,445.60999999999996
witmarsum,230.35
xambioa,429.76
xambre,547.74
xangri-la,1192.8700000000001
xanxere,4906.49
xapuri,445.89
xavantina,217.70999999999998
xaxim,1928.25
xexeu,126.16
xinguara,1608.51
xique-xique,230.56
zacarias,229.85
ze doca,878.9200000000001
zortea,137.57
